ID,Category,Control,Detailed description / why used,P/D,Characteristic verified,Function / requirement,Failure mode,O,D
CTL-01-001,Mechanical Design,Mechanical design guideline,"Analytical or empirical control using mechanical design guideline methodologies to verify design limits, ensure structural/functional integrity, and prevent premature failure during product lifecycle.",P,"Geometry, Structural Stress, Thermal Limit & Assembly Tolerances","Maintain kinematic alignment, structural envelope, and collision-free movement throughout service life.",Failure to satisfy mechanical design guideline criteria leading to functional degradation or field performance issues.,2,N/A
CTL-01-002,Mechanical Design,Design calculation,"Analytical or empirical control using design calculation methodologies to verify design limits, ensure structural/functional integrity, and prevent premature failure during product lifecycle.",P,"Geometry, Structural Stress, Thermal Limit & Assembly Tolerances","Maintain kinematic alignment, structural envelope, and collision-free movement throughout service life.",Failure to satisfy design calculation criteria leading to functional degradation or field performance issues.,3,N/A
CTL-01-003,Mechanical Design,Load-path analysis,"Analytical or empirical control using load-path analysis methodologies to verify design limits, ensure structural/functional integrity, and prevent premature failure during product lifecycle.",P,"Yield Strength, Fatigue Limit & Stress Concentration (Von Mises)","Maintain kinematic alignment, structural envelope, and collision-free movement throughout service life.",Failure to satisfy load-path analysis criteria leading to functional degradation or field performance issues.,3,N/A
CTL-01-004,Mechanical Design,Free-body diagram,"Analytical or empirical control using free-body diagram methodologies to verify design limits, ensure structural/functional integrity, and prevent premature failure during product lifecycle.",P,"Geometry, Structural Stress, Thermal Limit & Assembly Tolerances","Maintain kinematic alignment, structural envelope, and collision-free movement throughout service life.",Failure to satisfy free-body diagram criteria leading to functional degradation or field performance issues.,3,N/A
CTL-01-005,Mechanical Design,Interface analysis,"Analytical or empirical control using interface analysis methodologies to verify design limits, ensure structural/functional integrity, and prevent premature failure during product lifecycle.",P,"Geometry, Structural Stress, Thermal Limit & Assembly Tolerances","Maintain kinematic alignment, structural envelope, and collision-free movement throughout service life.",Failure to satisfy interface analysis criteria leading to functional degradation or field performance issues.,3,N/A
CTL-01-006,Mechanical Design,Mechanism analysis,"Analytical or empirical control using mechanism analysis methodologies to verify design limits, ensure structural/functional integrity, and prevent premature failure during product lifecycle.",P,"Geometry, Structural Stress, Thermal Limit & Assembly Tolerances","Maintain kinematic alignment, structural envelope, and collision-free movement throughout service life.",Failure to satisfy mechanism analysis criteria leading to functional degradation or field performance issues.,3,N/A
CTL-01-007,Mechanical Design,Kinematic analysis,"Analytical or empirical control using kinematic analysis methodologies to verify design limits, ensure structural/functional integrity, and prevent premature failure during product lifecycle.",P,"Geometry, Structural Stress, Thermal Limit & Assembly Tolerances","Maintain kinematic alignment, structural envelope, and collision-free movement throughout service life.",Failure to satisfy kinematic analysis criteria leading to functional degradation or field performance issues.,3,N/A
CTL-01-008,Mechanical Design,Motion-envelope analysis,"Analytical or empirical control using motion-envelope analysis methodologies to verify design limits, ensure structural/functional integrity, and prevent premature failure during product lifecycle.",P,"Geometry, Structural Stress, Thermal Limit & Assembly Tolerances","Maintain kinematic alignment, structural envelope, and collision-free movement throughout service life.",Failure to satisfy motion-envelope analysis criteria leading to functional degradation or field performance issues.,3,N/A
CTL-01-009,Mechanical Design,Clearance analysis,"Analytical or empirical control using clearance analysis methodologies to verify design limits, ensure structural/functional integrity, and prevent premature failure during product lifecycle.",P,"GD&T Feature Position, Profile Tolerance & Dimensional Clearance Envelope","Maintain kinematic alignment, structural envelope, and collision-free movement throughout service life.","Mechanical binding, assembly jam, interference fit failure, or excessive clearance slap.",3,N/A
CTL-01-010,Mechanical Design,Interference analysis,"Analytical or empirical control using interference analysis methodologies to verify design limits, ensure structural/functional integrity, and prevent premature failure during product lifecycle.",P,"GD&T Feature Position, Profile Tolerance & Dimensional Clearance Envelope","Maintain kinematic alignment, structural envelope, and collision-free movement throughout service life.","Mechanical binding, assembly jam, interference fit failure, or excessive clearance slap.",3,N/A
CTL-01-011,Mechanical Design,Mechanical stop analysis,"Analytical or empirical control using mechanical stop analysis methodologies to verify design limits, ensure structural/functional integrity, and prevent premature failure during product lifecycle.",P,"Geometry, Structural Stress, Thermal Limit & Assembly Tolerances","Maintain kinematic alignment, structural envelope, and collision-free movement throughout service life.",Failure to satisfy mechanical stop analysis criteria leading to functional degradation or field performance issues.,3,N/A
CTL-01-012,Mechanical Design,Hard-stop design,"Analytical or empirical control using hard-stop design methodologies to verify design limits, ensure structural/functional integrity, and prevent premature failure during product lifecycle.",P,"Geometry, Structural Stress, Thermal Limit & Assembly Tolerances","Maintain kinematic alignment, structural envelope, and collision-free movement throughout service life.",Failure to satisfy hard-stop design criteria leading to functional degradation or field performance issues.,3,N/A
CTL-01-013,Mechanical Design,Contact analysis,"Analytical or empirical control using contact analysis methodologies to verify design limits, ensure structural/functional integrity, and prevent premature failure during product lifecycle.",P,"Geometry, Structural Stress, Thermal Limit & Assembly Tolerances","Maintain kinematic alignment, structural envelope, and collision-free movement throughout service life.",Failure to satisfy contact analysis criteria leading to functional degradation or field performance issues.,3,N/A
CTL-01-014,Mechanical Design,Wear allowance,"Analytical or empirical control using wear allowance methodologies to verify design limits, ensure structural/functional integrity, and prevent premature failure during product lifecycle.",P,"Geometry, Structural Stress, Thermal Limit & Assembly Tolerances","Maintain kinematic alignment, structural envelope, and collision-free movement throughout service life.",Failure to satisfy wear allowance criteria leading to functional degradation or field performance issues.,3,N/A
CTL-01-015,Mechanical Design,Serviceability analysis,"Analytical or empirical control using serviceability analysis methodologies to verify design limits, ensure structural/functional integrity, and prevent premature failure during product lifecycle.",P,"Geometry, Structural Stress, Thermal Limit & Assembly Tolerances","Maintain kinematic alignment, structural envelope, and collision-free movement throughout service life.",Failure to satisfy serviceability analysis criteria leading to functional degradation or field performance issues.,3,N/A
CTL-01-016,Mechanical Design,Maintainability review,"Analytical or empirical control using maintainability review methodologies to verify design limits, ensure structural/functional integrity, and prevent premature failure during product lifecycle.",P,"Design Rule Compliance, Process Capability Index (Cpk) & Risk Priority Number","Maintain kinematic alignment, structural envelope, and collision-free movement throughout service life.",Failure to satisfy maintainability review criteria leading to functional degradation or field performance issues.,3,N/A
CTL-01-017,Mechanical Design,Assembly sequence review,"Analytical or empirical control using assembly sequence review methodologies to verify design limits, ensure structural/functional integrity, and prevent premature failure during product lifecycle.",P,"Design Rule Compliance, Process Capability Index (Cpk) & Risk Priority Number","Maintain kinematic alignment, structural envelope, and collision-free movement throughout service life.",Failure to satisfy assembly sequence review criteria leading to functional degradation or field performance issues.,3,N/A
CTL-01-018,Mechanical Design,Operating envelope analysis,"Analytical or empirical control using operating envelope analysis methodologies to verify design limits, ensure structural/functional integrity, and prevent premature failure during product lifecycle.",P,"Geometry, Structural Stress, Thermal Limit & Assembly Tolerances","Maintain kinematic alignment, structural envelope, and collision-free movement throughout service life.",Failure to satisfy operating envelope analysis criteria leading to functional degradation or field performance issues.,3,N/A
CTL-01-019,Mechanical Design,Misuse/abuse analysis,"Analytical or empirical control using misuse/abuse analysis methodologies to verify design limits, ensure structural/functional integrity, and prevent premature failure during product lifecycle.",P,"Geometry, Structural Stress, Thermal Limit & Assembly Tolerances","Maintain kinematic alignment, structural envelope, and collision-free movement throughout service life.",Failure to satisfy misuse/abuse analysis criteria leading to functional degradation or field performance issues.,3,N/A
CTL-01-020,Mechanical Design,Mechanical robustness review,"Analytical or empirical control using mechanical robustness review methodologies to verify design limits, ensure structural/functional integrity, and prevent premature failure during product lifecycle.",P,"Design Rule Compliance, Process Capability Index (Cpk) & Risk Priority Number","Maintain kinematic alignment, structural envelope, and collision-free movement throughout service life.",Failure to satisfy mechanical robustness review criteria leading to functional degradation or field performance issues.,3,N/A
CTL-02-001,Strength / Stress / Fatigue,Static stress calculation,"Analytical or empirical control using static stress calculation methodologies to verify design limits, ensure structural/functional integrity, and prevent premature failure during product lifecycle.",P,"Yield Strength, Fatigue Limit & Stress Concentration (Von Mises)","Guarantee structural integrity under peak static, dynamic, and cyclic fatigue mechanical loadings.","Plastic deformation, permanent yielding, or physical structural fracture under load.",3,N/A
CTL-02-002,Strength / Stress / Fatigue,Principal stress calculation,"Analytical or empirical control using principal stress calculation methodologies to verify design limits, ensure structural/functional integrity, and prevent premature failure during product lifecycle.",P,"Yield Strength, Fatigue Limit & Stress Concentration (Von Mises)","Guarantee structural integrity under peak static, dynamic, and cyclic fatigue mechanical loadings.","Plastic deformation, permanent yielding, or physical structural fracture under load.",3,N/A
CTL-02-003,Strength / Stress / Fatigue,Von Mises stress calculation,"Analytical or empirical control using von mises stress calculation methodologies to verify design limits, ensure structural/functional integrity, and prevent premature failure during product lifecycle.",P,"Yield Strength, Fatigue Limit & Stress Concentration (Von Mises)","Guarantee structural integrity under peak static, dynamic, and cyclic fatigue mechanical loadings.","Plastic deformation, permanent yielding, or physical structural fracture under load.",3,N/A
CTL-02-004,Strength / Stress / Fatigue,Bearing stress calculation,"Analytical or empirical control using bearing stress calculation methodologies to verify design limits, ensure structural/functional integrity, and prevent premature failure during product lifecycle.",P,"Yield Strength, Fatigue Limit & Stress Concentration (Von Mises)","Guarantee structural integrity under peak static, dynamic, and cyclic fatigue mechanical loadings.","Plastic deformation, permanent yielding, or physical structural fracture under load.",3,N/A
CTL-02-005,Strength / Stress / Fatigue,Contact stress calculation,"Analytical or empirical control using contact stress calculation methodologies to verify design limits, ensure structural/functional integrity, and prevent premature failure during product lifecycle.",P,"Yield Strength, Fatigue Limit & Stress Concentration (Von Mises)","Guarantee structural integrity under peak static, dynamic, and cyclic fatigue mechanical loadings.","Plastic deformation, permanent yielding, or physical structural fracture under load.",3,N/A
CTL-02-006,Strength / Stress / Fatigue,Shear stress calculation,"Analytical or empirical control using shear stress calculation methodologies to verify design limits, ensure structural/functional integrity, and prevent premature failure during product lifecycle.",P,"Yield Strength, Fatigue Limit & Stress Concentration (Von Mises)","Guarantee structural integrity under peak static, dynamic, and cyclic fatigue mechanical loadings.","Plastic deformation, permanent yielding, or physical structural fracture under load.",3,N/A
CTL-02-007,Strength / Stress / Fatigue,Bending stress calculation,"Analytical or empirical control using bending stress calculation methodologies to verify design limits, ensure structural/functional integrity, and prevent premature failure during product lifecycle.",P,"Yield Strength, Fatigue Limit & Stress Concentration (Von Mises)","Guarantee structural integrity under peak static, dynamic, and cyclic fatigue mechanical loadings.","Plastic deformation, permanent yielding, or physical structural fracture under load.",3,N/A
CTL-02-008,Strength / Stress / Fatigue,Torsional stress calculation,"Analytical or empirical control using torsional stress calculation methodologies to verify design limits, ensure structural/functional integrity, and prevent premature failure during product lifecycle.",P,"Yield Strength, Fatigue Limit & Stress Concentration (Von Mises)","Guarantee structural integrity under peak static, dynamic, and cyclic fatigue mechanical loadings.","Plastic deformation, permanent yielding, or physical structural fracture under load.",3,N/A
CTL-02-009,Strength / Stress / Fatigue,Buckling calculation,"Analytical or empirical control using buckling calculation methodologies to verify design limits, ensure structural/functional integrity, and prevent premature failure during product lifecycle.",P,"Geometry, Structural Stress, Thermal Limit & Assembly Tolerances","Guarantee structural integrity under peak static, dynamic, and cyclic fatigue mechanical loadings.",Failure to satisfy buckling calculation criteria leading to functional degradation or field performance issues.,3,N/A
CTL-02-010,Strength / Stress / Fatigue,Deflection calculation,"Analytical or empirical control using deflection calculation methodologies to verify design limits, ensure structural/functional integrity, and prevent premature failure during product lifecycle.",P,"Geometry, Structural Stress, Thermal Limit & Assembly Tolerances","Guarantee structural integrity under peak static, dynamic, and cyclic fatigue mechanical loadings.",Failure to satisfy deflection calculation criteria leading to functional degradation or field performance issues.,3,N/A
CTL-02-011,Strength / Stress / Fatigue,Safety-factor calculation,"Analytical or empirical control using safety-factor calculation methodologies to verify design limits, ensure structural/functional integrity, and prevent premature failure during product lifecycle.",P,"Geometry, Structural Stress, Thermal Limit & Assembly Tolerances","Guarantee structural integrity under peak static, dynamic, and cyclic fatigue mechanical loadings.",Failure to satisfy safety-factor calculation criteria leading to functional degradation or field performance issues.,3,N/A
CTL-02-012,Strength / Stress / Fatigue,Design-margin calculation,"Analytical or empirical control using design-margin calculation methodologies to verify design limits, ensure structural/functional integrity, and prevent premature failure during product lifecycle.",P,"Geometry, Structural Stress, Thermal Limit & Assembly Tolerances","Guarantee structural integrity under peak static, dynamic, and cyclic fatigue mechanical loadings.",Failure to satisfy design-margin calculation criteria leading to functional degradation or field performance issues.,3,N/A
CTL-02-013,Strength / Stress / Fatigue,Fatigue-life calculation,"Analytical or empirical control using fatigue-life calculation methodologies to verify design limits, ensure structural/functional integrity, and prevent premature failure during product lifecycle.",P,"Yield Strength, Fatigue Limit & Stress Concentration (Von Mises)","Guarantee structural integrity under peak static, dynamic, and cyclic fatigue mechanical loadings.",High-cycle fatigue crack initiation and catastrophic fracture prior to design life.,3,N/A
CTL-02-014,Strength / Stress / Fatigue,S-N analysis,"Analytical or empirical control using s-n analysis methodologies to verify design limits, ensure structural/functional integrity, and prevent premature failure during product lifecycle.",P,"Geometry, Structural Stress, Thermal Limit & Assembly Tolerances","Guarantee structural integrity under peak static, dynamic, and cyclic fatigue mechanical loadings.",High-cycle fatigue crack initiation and catastrophic fracture prior to design life.,3,N/A
CTL-02-015,Strength / Stress / Fatigue,Strain-life analysis,"Analytical or empirical control using strain-life analysis methodologies to verify design limits, ensure structural/functional integrity, and prevent premature failure during product lifecycle.",P,"Mean Time Between Failures (MTBF), Weibull Beta/Eta & Warranty Return Rate","Guarantee structural integrity under peak static, dynamic, and cyclic fatigue mechanical loadings.",Failure to satisfy strain-life analysis criteria leading to functional degradation or field performance issues.,3,N/A
CTL-02-016,Strength / Stress / Fatigue,Miner’s rule calculation,"Analytical or empirical control using miner’s rule calculation methodologies to verify design limits, ensure structural/functional integrity, and prevent premature failure during product lifecycle.",P,"Geometry, Structural Stress, Thermal Limit & Assembly Tolerances","Guarantee structural integrity under peak static, dynamic, and cyclic fatigue mechanical loadings.",High-cycle fatigue crack initiation and catastrophic fracture prior to design life.,3,N/A
CTL-02-017,Strength / Stress / Fatigue,Load-spectrum analysis,"Analytical or empirical control using load-spectrum analysis methodologies to verify design limits, ensure structural/functional integrity, and prevent premature failure during product lifecycle.",P,"Yield Strength, Fatigue Limit & Stress Concentration (Von Mises)","Guarantee structural integrity under peak static, dynamic, and cyclic fatigue mechanical loadings.",Failure to satisfy load-spectrum analysis criteria leading to functional degradation or field performance issues.,3,N/A
CTL-02-018,Strength / Stress / Fatigue,Fatigue notch-factor analysis,"Analytical or empirical control using fatigue notch-factor analysis methodologies to verify design limits, ensure structural/functional integrity, and prevent premature failure during product lifecycle.",P,"Yield Strength, Fatigue Limit & Stress Concentration (Von Mises)","Guarantee structural integrity under peak static, dynamic, and cyclic fatigue mechanical loadings.",High-cycle fatigue crack initiation and catastrophic fracture prior to design life.,3,N/A
CTL-02-019,Strength / Stress / Fatigue,Fracture-mechanics analysis,"Analytical or empirical control using fracture-mechanics analysis methodologies to verify design limits, ensure structural/functional integrity, and prevent premature failure during product lifecycle.",P,"Geometry, Structural Stress, Thermal Limit & Assembly Tolerances","Guarantee structural integrity under peak static, dynamic, and cyclic fatigue mechanical loadings.",Failure to satisfy fracture-mechanics analysis criteria leading to functional degradation or field performance issues.,3,N/A
CTL-02-020,Strength / Stress / Fatigue,Crack-growth analysis,"Analytical or empirical control using crack-growth analysis methodologies to verify design limits, ensure structural/functional integrity, and prevent premature failure during product lifecycle.",P,"Geometry, Structural Stress, Thermal Limit & Assembly Tolerances","Guarantee structural integrity under peak static, dynamic, and cyclic fatigue mechanical loadings.",High-cycle fatigue crack initiation and catastrophic fracture prior to design life.,3,N/A
CTL-02-021,Strength / Stress / Fatigue,Fatigue test correlation,"Analytical or empirical control using fatigue test correlation methodologies to verify design limits, ensure structural/functional integrity, and prevent premature failure during product lifecycle.",D,"Yield Strength, Fatigue Limit & Stress Concentration (Von Mises)","Guarantee structural integrity under peak static, dynamic, and cyclic fatigue mechanical loadings.",High-cycle fatigue crack initiation and catastrophic fracture prior to design life.,N/A,3
CTL-02-022,Strength / Stress / Fatigue,Overload analysis,"Analytical or empirical control using overload analysis methodologies to verify design limits, ensure structural/functional integrity, and prevent premature failure during product lifecycle.",P,"Yield Strength, Fatigue Limit & Stress Concentration (Von Mises)","Guarantee structural integrity under peak static, dynamic, and cyclic fatigue mechanical loadings.",Failure to satisfy overload analysis criteria leading to functional degradation or field performance issues.,3,N/A
CTL-02-023,Strength / Stress / Fatigue,Proof-load analysis,"Analytical or empirical control using proof-load analysis methodologies to verify design limits, ensure structural/functional integrity, and prevent premature failure during product lifecycle.",P,"Yield Strength, Fatigue Limit & Stress Concentration (Von Mises)","Guarantee structural integrity under peak static, dynamic, and cyclic fatigue mechanical loadings.",Failure to satisfy proof-load analysis criteria leading to functional degradation or field performance issues.,3,N/A
CTL-02-024,Strength / Stress / Fatigue,Durability load analysis,"Analytical or empirical control using durability load analysis methodologies to verify design limits, ensure structural/functional integrity, and prevent premature failure during product lifecycle.",P,"Yield Strength, Fatigue Limit & Stress Concentration (Von Mises)","Guarantee structural integrity under peak static, dynamic, and cyclic fatigue mechanical loadings.",Failure to satisfy durability load analysis criteria leading to functional degradation or field performance issues.,3,N/A
CTL-03-001,Thermal,Thermal balance calculation,"Analytical or empirical control using thermal balance calculation methodologies to verify design limits, ensure structural/functional integrity, and prevent premature failure during product lifecycle.",P,"Operating Temperature, Thermal Gradient & Heat Dissipation Rate",Maintain component temperatures within allowable material design limits and prevent thermal degradation.,"Overheating, thermal expansion mismatch, thermal fatigue cracking, or fluid breakdown.",3,N/A
CTL-03-002,Thermal,Heat-generation calculation,"Analytical or empirical control using heat-generation calculation methodologies to verify design limits, ensure structural/functional integrity, and prevent premature failure during product lifecycle.",P,"Operating Temperature, Thermal Gradient & Heat Dissipation Rate",Maintain component temperatures within allowable material design limits and prevent thermal degradation.,"Overheating, thermal expansion mismatch, thermal fatigue cracking, or fluid breakdown.",3,N/A
CTL-03-003,Thermal,Heat-transfer calculation,"Analytical or empirical control using heat-transfer calculation methodologies to verify design limits, ensure structural/functional integrity, and prevent premature failure during product lifecycle.",P,"Operating Temperature, Thermal Gradient & Heat Dissipation Rate",Maintain component temperatures within allowable material design limits and prevent thermal degradation.,"Overheating, thermal expansion mismatch, thermal fatigue cracking, or fluid breakdown.",3,N/A
CTL-03-004,Thermal,Thermal resistance calculation,"Analytical or empirical control using thermal resistance calculation methodologies to verify design limits, ensure structural/functional integrity, and prevent premature failure during product lifecycle.",P,"Operating Temperature, Thermal Gradient & Heat Dissipation Rate",Maintain component temperatures within allowable material design limits and prevent thermal degradation.,"Overheating, thermal expansion mismatch, thermal fatigue cracking, or fluid breakdown.",3,N/A
CTL-03-005,Thermal,Thermal conductivity verification,"Analytical or empirical control using thermal conductivity verification methodologies to verify design limits, ensure structural/functional integrity, and prevent premature failure during product lifecycle.",D,"Operating Temperature, Thermal Gradient & Heat Dissipation Rate",Maintain component temperatures within allowable material design limits and prevent thermal degradation.,"Overheating, thermal expansion mismatch, thermal fatigue cracking, or fluid breakdown.",N/A,3
CTL-03-006,Thermal,Thermal expansion calculation,"Analytical or empirical control using thermal expansion calculation methodologies to verify design limits, ensure structural/functional integrity, and prevent premature failure during product lifecycle.",P,"Operating Temperature, Thermal Gradient & Heat Dissipation Rate",Maintain component temperatures within allowable material design limits and prevent thermal degradation.,"Overheating, thermal expansion mismatch, thermal fatigue cracking, or fluid breakdown.",3,N/A
CTL-03-007,Thermal,Thermal deformation analysis,"Analytical or empirical control using thermal deformation analysis methodologies to verify design limits, ensure structural/functional integrity, and prevent premature failure during product lifecycle.",P,"Operating Temperature, Thermal Gradient & Heat Dissipation Rate",Maintain component temperatures within allowable material design limits and prevent thermal degradation.,"Overheating, thermal expansion mismatch, thermal fatigue cracking, or fluid breakdown.",3,N/A
CTL-03-008,Thermal,Hot-spot analysis,"Analytical or empirical control using hot-spot analysis methodologies to verify design limits, ensure structural/functional integrity, and prevent premature failure during product lifecycle.",P,"Geometry, Structural Stress, Thermal Limit & Assembly Tolerances",Maintain component temperatures within allowable material design limits and prevent thermal degradation.,Failure to satisfy hot-spot analysis criteria leading to functional degradation or field performance issues.,3,N/A
CTL-03-009,Thermal,Maximum-temperature calculation,"Analytical or empirical control using maximum-temperature calculation methodologies to verify design limits, ensure structural/functional integrity, and prevent premature failure during product lifecycle.",P,"Operating Temperature, Thermal Gradient & Heat Dissipation Rate",Maintain component temperatures within allowable material design limits and prevent thermal degradation.,"Overheating, thermal expansion mismatch, thermal fatigue cracking, or fluid breakdown.",3,N/A
CTL-03-010,Thermal,Minimum-temperature analysis,"Analytical or empirical control using minimum-temperature analysis methodologies to verify design limits, ensure structural/functional integrity, and prevent premature failure during product lifecycle.",P,"Operating Temperature, Thermal Gradient & Heat Dissipation Rate",Maintain component temperatures within allowable material design limits and prevent thermal degradation.,"Overheating, thermal expansion mismatch, thermal fatigue cracking, or fluid breakdown.",3,N/A
CTL-03-011,Thermal,Cooling-capacity calculation,"Analytical or empirical control using cooling-capacity calculation methodologies to verify design limits, ensure structural/functional integrity, and prevent premature failure during product lifecycle.",P,"Operating Temperature, Thermal Gradient & Heat Dissipation Rate",Maintain component temperatures within allowable material design limits and prevent thermal degradation.,Failure to satisfy cooling-capacity calculation criteria leading to functional degradation or field performance issues.,3,N/A
CTL-03-012,Thermal,Heat-rejection analysis,"Analytical or empirical control using heat-rejection analysis methodologies to verify design limits, ensure structural/functional integrity, and prevent premature failure during product lifecycle.",P,"Operating Temperature, Thermal Gradient & Heat Dissipation Rate",Maintain component temperatures within allowable material design limits and prevent thermal degradation.,"Overheating, thermal expansion mismatch, thermal fatigue cracking, or fluid breakdown.",3,N/A
CTL-03-013,Thermal,Thermal cycling analysis,"Analytical or empirical control using thermal cycling analysis methodologies to verify design limits, ensure structural/functional integrity, and prevent premature failure during product lifecycle.",P,"Operating Temperature, Thermal Gradient & Heat Dissipation Rate",Maintain component temperatures within allowable material design limits and prevent thermal degradation.,"Overheating, thermal expansion mismatch, thermal fatigue cracking, or fluid breakdown.",3,N/A
CTL-03-014,Thermal,Thermal shock analysis,"Analytical or empirical control using thermal shock analysis methodologies to verify design limits, ensure structural/functional integrity, and prevent premature failure during product lifecycle.",P,"Operating Temperature, Thermal Gradient & Heat Dissipation Rate",Maintain component temperatures within allowable material design limits and prevent thermal degradation.,"Overheating, thermal expansion mismatch, thermal fatigue cracking, or fluid breakdown.",3,N/A
CTL-03-015,Thermal,CFD thermal simulation,"Analytical or empirical control using cfd thermal simulation methodologies to verify design limits, ensure structural/functional integrity, and prevent premature failure during product lifecycle.",P,"Operating Temperature, Thermal Gradient & Heat Dissipation Rate",Maintain component temperatures within allowable material design limits and prevent thermal degradation.,"Overheating, thermal expansion mismatch, thermal fatigue cracking, or fluid breakdown.",2,N/A
CTL-03-016,Thermal,Thermal FEA,"Analytical or empirical control using thermal fea methodologies to verify design limits, ensure structural/functional integrity, and prevent premature failure during product lifecycle.",P,"Operating Temperature, Thermal Gradient & Heat Dissipation Rate",Maintain component temperatures within allowable material design limits and prevent thermal degradation.,"Overheating, thermal expansion mismatch, thermal fatigue cracking, or fluid breakdown.",2,N/A
CTL-03-017,Thermal,Thermal test correlation,"Analytical or empirical control using thermal test correlation methodologies to verify design limits, ensure structural/functional integrity, and prevent premature failure during product lifecycle.",D,"Operating Temperature, Thermal Gradient & Heat Dissipation Rate",Maintain component temperatures within allowable material design limits and prevent thermal degradation.,"Overheating, thermal expansion mismatch, thermal fatigue cracking, or fluid breakdown.",N/A,3
CTL-03-018,Thermal,High-temperature validation,"Analytical or empirical control using high-temperature validation methodologies to verify design limits, ensure structural/functional integrity, and prevent premature failure during product lifecycle.",D,"Operating Temperature, Thermal Gradient & Heat Dissipation Rate",Maintain component temperatures within allowable material design limits and prevent thermal degradation.,"Overheating, thermal expansion mismatch, thermal fatigue cracking, or fluid breakdown.",N/A,3
CTL-03-019,Thermal,Low-temperature validation,"Analytical or empirical control using low-temperature validation methodologies to verify design limits, ensure structural/functional integrity, and prevent premature failure during product lifecycle.",D,"Operating Temperature, Thermal Gradient & Heat Dissipation Rate",Maintain component temperatures within allowable material design limits and prevent thermal degradation.,"Overheating, thermal expansion mismatch, thermal fatigue cracking, or fluid breakdown.",N/A,3
CTL-04-001,NVH,Modal analysis,"Analytical or empirical control using modal analysis methodologies to verify design limits, ensure structural/functional integrity, and prevent premature failure during product lifecycle.",P,"Natural Frequency (Hz), Vibration Amplitude & Sound Pressure Level (dB)","Prevent resonant amplification, excessive acoustic noise, and vibration transmission to adjacent structures.","Excessive NVH, resonant vibration fatigue, customer noise complaints, or component loosening.",3,N/A
CTL-04-002,NVH,Natural-frequency calculation,"Analytical or empirical control using natural-frequency calculation methodologies to verify design limits, ensure structural/functional integrity, and prevent premature failure during product lifecycle.",P,"Natural Frequency (Hz), Vibration Amplitude & Sound Pressure Level (dB)","Prevent resonant amplification, excessive acoustic noise, and vibration transmission to adjacent structures.",Failure to satisfy natural-frequency calculation criteria leading to functional degradation or field performance issues.,3,N/A
CTL-04-003,NVH,Resonance analysis,"Analytical or empirical control using resonance analysis methodologies to verify design limits, ensure structural/functional integrity, and prevent premature failure during product lifecycle.",P,"Geometry, Structural Stress, Thermal Limit & Assembly Tolerances","Prevent resonant amplification, excessive acoustic noise, and vibration transmission to adjacent structures.","Excessive NVH, resonant vibration fatigue, customer noise complaints, or component loosening.",3,N/A
CTL-04-004,NVH,Harmonic response analysis,"Analytical or empirical control using harmonic response analysis methodologies to verify design limits, ensure structural/functional integrity, and prevent premature failure during product lifecycle.",P,"Geometry, Structural Stress, Thermal Limit & Assembly Tolerances","Prevent resonant amplification, excessive acoustic noise, and vibration transmission to adjacent structures.",Failure to satisfy harmonic response analysis criteria leading to functional degradation or field performance issues.,3,N/A
CTL-04-005,NVH,Random vibration analysis,"Analytical or empirical control using random vibration analysis methodologies to verify design limits, ensure structural/functional integrity, and prevent premature failure during product lifecycle.",P,"Natural Frequency (Hz), Vibration Amplitude & Sound Pressure Level (dB)","Prevent resonant amplification, excessive acoustic noise, and vibration transmission to adjacent structures.","Excessive NVH, resonant vibration fatigue, customer noise complaints, or component loosening.",3,N/A
CTL-04-006,NVH,Vibration transfer-path analysis,"Analytical or empirical control using vibration transfer-path analysis methodologies to verify design limits, ensure structural/functional integrity, and prevent premature failure during product lifecycle.",P,"Natural Frequency (Hz), Vibration Amplitude & Sound Pressure Level (dB)","Prevent resonant amplification, excessive acoustic noise, and vibration transmission to adjacent structures.","Excessive NVH, resonant vibration fatigue, customer noise complaints, or component loosening.",3,N/A
CTL-04-007,NVH,Excitation-order analysis,"Analytical or empirical control using excitation-order analysis methodologies to verify design limits, ensure structural/functional integrity, and prevent premature failure during product lifecycle.",P,"Geometry, Structural Stress, Thermal Limit & Assembly Tolerances","Prevent resonant amplification, excessive acoustic noise, and vibration transmission to adjacent structures.",Failure to satisfy excitation-order analysis criteria leading to functional degradation or field performance issues.,3,N/A
CTL-04-008,NVH,Frequency-response analysis,"Analytical or empirical control using frequency-response analysis methodologies to verify design limits, ensure structural/functional integrity, and prevent premature failure during product lifecycle.",P,"Natural Frequency (Hz), Vibration Amplitude & Sound Pressure Level (dB)","Prevent resonant amplification, excessive acoustic noise, and vibration transmission to adjacent structures.",Failure to satisfy frequency-response analysis criteria leading to functional degradation or field performance issues.,3,N/A
CTL-04-009,NVH,Acoustic analysis,"Analytical or empirical control using acoustic analysis methodologies to verify design limits, ensure structural/functional integrity, and prevent premature failure during product lifecycle.",P,"Natural Frequency (Hz), Vibration Amplitude & Sound Pressure Level (dB)","Prevent resonant amplification, excessive acoustic noise, and vibration transmission to adjacent structures.",Failure to satisfy acoustic analysis criteria leading to functional degradation or field performance issues.,3,N/A
CTL-04-010,NVH,Sound-pressure-level verification,"Analytical or empirical control using sound-pressure-level verification methodologies to verify design limits, ensure structural/functional integrity, and prevent premature failure during product lifecycle.",D,"Geometry, Structural Stress, Thermal Limit & Assembly Tolerances","Prevent resonant amplification, excessive acoustic noise, and vibration transmission to adjacent structures.",Failure to satisfy sound-pressure-level verification criteria leading to functional degradation or field performance issues.,N/A,3
CTL-04-011,NVH,Noise-source identification,"Analytical or empirical control using noise-source identification methodologies to verify design limits, ensure structural/functional integrity, and prevent premature failure during product lifecycle.",P,"Geometry, Structural Stress, Thermal Limit & Assembly Tolerances","Prevent resonant amplification, excessive acoustic noise, and vibration transmission to adjacent structures.","Excessive NVH, resonant vibration fatigue, customer noise complaints, or component loosening.",3,N/A
CTL-04-012,NVH,Vibration-source identification,"Analytical or empirical control using vibration-source identification methodologies to verify design limits, ensure structural/functional integrity, and prevent premature failure during product lifecycle.",P,"Natural Frequency (Hz), Vibration Amplitude & Sound Pressure Level (dB)","Prevent resonant amplification, excessive acoustic noise, and vibration transmission to adjacent structures.","Excessive NVH, resonant vibration fatigue, customer noise complaints, or component loosening.",3,N/A
CTL-04-013,NVH,Mount stiffness analysis,"Analytical or empirical control using mount stiffness analysis methodologies to verify design limits, ensure structural/functional integrity, and prevent premature failure during product lifecycle.",P,"Geometry, Structural Stress, Thermal Limit & Assembly Tolerances","Prevent resonant amplification, excessive acoustic noise, and vibration transmission to adjacent structures.",Failure to satisfy mount stiffness analysis criteria leading to functional degradation or field performance issues.,3,N/A
CTL-04-014,NVH,Mount damping analysis,"Analytical or empirical control using mount damping analysis methodologies to verify design limits, ensure structural/functional integrity, and prevent premature failure during product lifecycle.",P,"Geometry, Structural Stress, Thermal Limit & Assembly Tolerances","Prevent resonant amplification, excessive acoustic noise, and vibration transmission to adjacent structures.",Failure to satisfy mount damping analysis criteria leading to functional degradation or field performance issues.,3,N/A
CTL-04-015,NVH,Isolation analysis,"Analytical or empirical control using isolation analysis methodologies to verify design limits, ensure structural/functional integrity, and prevent premature failure during product lifecycle.",P,"Geometry, Structural Stress, Thermal Limit & Assembly Tolerances","Prevent resonant amplification, excessive acoustic noise, and vibration transmission to adjacent structures.",Failure to satisfy isolation analysis criteria leading to functional degradation or field performance issues.,3,N/A
CTL-04-016,NVH,NVH simulation,"Analytical or empirical control using nvh simulation methodologies to verify design limits, ensure structural/functional integrity, and prevent premature failure during product lifecycle.",P,"Natural Frequency (Hz), Vibration Amplitude & Sound Pressure Level (dB)","Prevent resonant amplification, excessive acoustic noise, and vibration transmission to adjacent structures.",Failure to satisfy nvh simulation criteria leading to functional degradation or field performance issues.,2,N/A
CTL-04-017,NVH,NVH bench testing,"Analytical or empirical control using nvh bench testing methodologies to verify design limits, ensure structural/functional integrity, and prevent premature failure during product lifecycle.",D,"Natural Frequency (Hz), Vibration Amplitude & Sound Pressure Level (dB)","Prevent resonant amplification, excessive acoustic noise, and vibration transmission to adjacent structures.",Failure to satisfy nvh bench testing criteria leading to functional degradation or field performance issues.,N/A,3
CTL-04-018,NVH,NVH vehicle testing,"Analytical or empirical control using nvh vehicle testing methodologies to verify design limits, ensure structural/functional integrity, and prevent premature failure during product lifecycle.",D,"Natural Frequency (Hz), Vibration Amplitude & Sound Pressure Level (dB)","Prevent resonant amplification, excessive acoustic noise, and vibration transmission to adjacent structures.",Failure to satisfy nvh vehicle testing criteria leading to functional degradation or field performance issues.,N/A,3
CTL-04-019,NVH,Modal test correlation,"Analytical or empirical control using modal test correlation methodologies to verify design limits, ensure structural/functional integrity, and prevent premature failure during product lifecycle.",D,"Natural Frequency (Hz), Vibration Amplitude & Sound Pressure Level (dB)","Prevent resonant amplification, excessive acoustic noise, and vibration transmission to adjacent structures.","Excessive NVH, resonant vibration fatigue, customer noise complaints, or component loosening.",N/A,3
CTL-04-020,NVH,NVH design guideline,"Analytical or empirical control using nvh design guideline methodologies to verify design limits, ensure structural/functional integrity, and prevent premature failure during product lifecycle.",P,"Natural Frequency (Hz), Vibration Amplitude & Sound Pressure Level (dB)","Prevent resonant amplification, excessive acoustic noise, and vibration transmission to adjacent structures.",Failure to satisfy nvh design guideline criteria leading to functional degradation or field performance issues.,2,N/A
CTL-05-001,Tolerance / GD&T,Tolerance stack-up,"Analytical or empirical control using tolerance stack-up methodologies to verify design limits, ensure structural/functional integrity, and prevent premature failure during product lifecycle.",P,"GD&T Feature Position, Profile Tolerance & Dimensional Clearance Envelope","Ensure interchangeability, functional fit, and correct stack-up clearance across manufacturing variations.","Mechanical binding, assembly jam, interference fit failure, or excessive clearance slap.",3,N/A
CTL-05-002,Tolerance / GD&T,Worst-case tolerance stack,"Analytical or empirical control using worst-case tolerance stack methodologies to verify design limits, ensure structural/functional integrity, and prevent premature failure during product lifecycle.",P,"GD&T Feature Position, Profile Tolerance & Dimensional Clearance Envelope","Ensure interchangeability, functional fit, and correct stack-up clearance across manufacturing variations.","Mechanical binding, assembly jam, interference fit failure, or excessive clearance slap.",3,N/A
CTL-05-003,Tolerance / GD&T,Statistical tolerance stack,"Analytical or empirical control using statistical tolerance stack methodologies to verify design limits, ensure structural/functional integrity, and prevent premature failure during product lifecycle.",P,"GD&T Feature Position, Profile Tolerance & Dimensional Clearance Envelope","Ensure interchangeability, functional fit, and correct stack-up clearance across manufacturing variations.","Mechanical binding, assembly jam, interference fit failure, or excessive clearance slap.",3,N/A
CTL-05-004,Tolerance / GD&T,Monte Carlo tolerance analysis,"Analytical or empirical control using monte carlo tolerance analysis methodologies to verify design limits, ensure structural/functional integrity, and prevent premature failure during product lifecycle.",P,"GD&T Feature Position, Profile Tolerance & Dimensional Clearance Envelope","Ensure interchangeability, functional fit, and correct stack-up clearance across manufacturing variations.","Mechanical binding, assembly jam, interference fit failure, or excessive clearance slap.",3,N/A
CTL-05-005,Tolerance / GD&T,Sensitivity analysis,"Analytical or empirical control using sensitivity analysis methodologies to verify design limits, ensure structural/functional integrity, and prevent premature failure during product lifecycle.",P,"Geometry, Structural Stress, Thermal Limit & Assembly Tolerances","Ensure interchangeability, functional fit, and correct stack-up clearance across manufacturing variations.",Failure to satisfy sensitivity analysis criteria leading to functional degradation or field performance issues.,3,N/A
CTL-05-006,Tolerance / GD&T,Datum scheme review,"Analytical or empirical control using datum scheme review methodologies to verify design limits, ensure structural/functional integrity, and prevent premature failure during product lifecycle.",P,"Design Rule Compliance, Process Capability Index (Cpk) & Risk Priority Number","Ensure interchangeability, functional fit, and correct stack-up clearance across manufacturing variations.",Failure to satisfy datum scheme review criteria leading to functional degradation or field performance issues.,3,N/A
CTL-05-007,Tolerance / GD&T,Functional datum analysis,"Analytical or empirical control using functional datum analysis methodologies to verify design limits, ensure structural/functional integrity, and prevent premature failure during product lifecycle.",P,"Geometry, Structural Stress, Thermal Limit & Assembly Tolerances","Ensure interchangeability, functional fit, and correct stack-up clearance across manufacturing variations.",Failure to satisfy functional datum analysis criteria leading to functional degradation or field performance issues.,3,N/A
CTL-05-008,Tolerance / GD&T,GD&T review,"Analytical or empirical control using gd&t review methodologies to verify design limits, ensure structural/functional integrity, and prevent premature failure during product lifecycle.",P,"GD&T Feature Position, Profile Tolerance & Dimensional Clearance Envelope","Ensure interchangeability, functional fit, and correct stack-up clearance across manufacturing variations.",Failure to satisfy gd&t review criteria leading to functional degradation or field performance issues.,3,N/A
CTL-05-009,Tolerance / GD&T,Position tolerance analysis,"Analytical or empirical control using position tolerance analysis methodologies to verify design limits, ensure structural/functional integrity, and prevent premature failure during product lifecycle.",P,"GD&T Feature Position, Profile Tolerance & Dimensional Clearance Envelope","Ensure interchangeability, functional fit, and correct stack-up clearance across manufacturing variations.","Mechanical binding, assembly jam, interference fit failure, or excessive clearance slap.",3,N/A
CTL-05-010,Tolerance / GD&T,Profile tolerance analysis,"Analytical or empirical control using profile tolerance analysis methodologies to verify design limits, ensure structural/functional integrity, and prevent premature failure during product lifecycle.",P,"GD&T Feature Position, Profile Tolerance & Dimensional Clearance Envelope","Ensure interchangeability, functional fit, and correct stack-up clearance across manufacturing variations.","Mechanical binding, assembly jam, interference fit failure, or excessive clearance slap.",3,N/A
CTL-05-011,Tolerance / GD&T,Flatness analysis,"Analytical or empirical control using flatness analysis methodologies to verify design limits, ensure structural/functional integrity, and prevent premature failure during product lifecycle.",P,"Geometry, Structural Stress, Thermal Limit & Assembly Tolerances","Ensure interchangeability, functional fit, and correct stack-up clearance across manufacturing variations.",Failure to satisfy flatness analysis criteria leading to functional degradation or field performance issues.,3,N/A
CTL-05-012,Tolerance / GD&T,Parallelism analysis,"Analytical or empirical control using parallelism analysis methodologies to verify design limits, ensure structural/functional integrity, and prevent premature failure during product lifecycle.",P,"Geometry, Structural Stress, Thermal Limit & Assembly Tolerances","Ensure interchangeability, functional fit, and correct stack-up clearance across manufacturing variations.",Failure to satisfy parallelism analysis criteria leading to functional degradation or field performance issues.,3,N/A
CTL-05-013,Tolerance / GD&T,Perpendicularity analysis,"Analytical or empirical control using perpendicularity analysis methodologies to verify design limits, ensure structural/functional integrity, and prevent premature failure during product lifecycle.",P,"Geometry, Structural Stress, Thermal Limit & Assembly Tolerances","Ensure interchangeability, functional fit, and correct stack-up clearance across manufacturing variations.",Failure to satisfy perpendicularity analysis criteria leading to functional degradation or field performance issues.,3,N/A
CTL-05-014,Tolerance / GD&T,Runout analysis,"Analytical or empirical control using runout analysis methodologies to verify design limits, ensure structural/functional integrity, and prevent premature failure during product lifecycle.",P,"Geometry, Structural Stress, Thermal Limit & Assembly Tolerances","Ensure interchangeability, functional fit, and correct stack-up clearance across manufacturing variations.",Failure to satisfy runout analysis criteria leading to functional degradation or field performance issues.,3,N/A
CTL-05-015,Tolerance / GD&T,Concentricity/coaxiality assessment,"Analytical or empirical control using concentricity/coaxiality assessment methodologies to verify design limits, ensure structural/functional integrity, and prevent premature failure during product lifecycle.",P,"Geometry, Structural Stress, Thermal Limit & Assembly Tolerances","Ensure interchangeability, functional fit, and correct stack-up clearance across manufacturing variations.",Failure to satisfy concentricity/coaxiality assessment criteria leading to functional degradation or field performance issues.,3,N/A
CTL-05-016,Tolerance / GD&T,Assembly variation analysis,"Analytical or empirical control using assembly variation analysis methodologies to verify design limits, ensure structural/functional integrity, and prevent premature failure during product lifecycle.",P,"Geometry, Structural Stress, Thermal Limit & Assembly Tolerances","Ensure interchangeability, functional fit, and correct stack-up clearance across manufacturing variations.",Failure to satisfy assembly variation analysis criteria leading to functional degradation or field performance issues.,3,N/A
CTL-05-017,Tolerance / GD&T,Clearance variation analysis,"Analytical or empirical control using clearance variation analysis methodologies to verify design limits, ensure structural/functional integrity, and prevent premature failure during product lifecycle.",P,"GD&T Feature Position, Profile Tolerance & Dimensional Clearance Envelope","Ensure interchangeability, functional fit, and correct stack-up clearance across manufacturing variations.","Mechanical binding, assembly jam, interference fit failure, or excessive clearance slap.",3,N/A
CTL-05-018,Tolerance / GD&T,Interference variation analysis,"Analytical or empirical control using interference variation analysis methodologies to verify design limits, ensure structural/functional integrity, and prevent premature failure during product lifecycle.",P,"GD&T Feature Position, Profile Tolerance & Dimensional Clearance Envelope","Ensure interchangeability, functional fit, and correct stack-up clearance across manufacturing variations.","Mechanical binding, assembly jam, interference fit failure, or excessive clearance slap.",3,N/A
CTL-05-019,Tolerance / GD&T,Thermal tolerance analysis,"Analytical or empirical control using thermal tolerance analysis methodologies to verify design limits, ensure structural/functional integrity, and prevent premature failure during product lifecycle.",P,"Operating Temperature, Thermal Gradient & Heat Dissipation Rate","Ensure interchangeability, functional fit, and correct stack-up clearance across manufacturing variations.","Overheating, thermal expansion mismatch, thermal fatigue cracking, or fluid breakdown.",3,N/A
CTL-05-020,Tolerance / GD&T,Wear tolerance analysis,"Analytical or empirical control using wear tolerance analysis methodologies to verify design limits, ensure structural/functional integrity, and prevent premature failure during product lifecycle.",P,"GD&T Feature Position, Profile Tolerance & Dimensional Clearance Envelope","Ensure interchangeability, functional fit, and correct stack-up clearance across manufacturing variations.","Mechanical binding, assembly jam, interference fit failure, or excessive clearance slap.",3,N/A
CTL-05-021,Tolerance / GD&T,Measurement capability review,"Analytical or empirical control using measurement capability review methodologies to verify design limits, ensure structural/functional integrity, and prevent premature failure during product lifecycle.",P,"Design Rule Compliance, Process Capability Index (Cpk) & Risk Priority Number","Ensure interchangeability, functional fit, and correct stack-up clearance across manufacturing variations.",Failure to satisfy measurement capability review criteria leading to functional degradation or field performance issues.,3,N/A
CTL-06-001,Sealing,Seal design guideline,"Analytical or empirical control using seal design guideline methodologies to verify design limits, ensure structural/functional integrity, and prevent premature failure during product lifecycle.",P,"Seal Squeeze Ratio, Surface Roughness Ra & Interfacial Contact Pressure",Prevent fluid or gaseous leakage across static and dynamic fluid interfaces under maximum pressure.,"Fluid/gas leakage past seal interface, O-ring extrusion, or premature seal hardening.",2,N/A
CTL-06-002,Sealing,O-ring groove calculation,"Analytical or empirical control using o-ring groove calculation methodologies to verify design limits, ensure structural/functional integrity, and prevent premature failure during product lifecycle.",P,"Seal Squeeze Ratio, Surface Roughness Ra & Interfacial Contact Pressure",Prevent fluid or gaseous leakage across static and dynamic fluid interfaces under maximum pressure.,"Fluid/gas leakage past seal interface, O-ring extrusion, or premature seal hardening.",3,N/A
CTL-06-003,Sealing,O-ring compression calculation,"Analytical or empirical control using o-ring compression calculation methodologies to verify design limits, ensure structural/functional integrity, and prevent premature failure during product lifecycle.",P,"Seal Squeeze Ratio, Surface Roughness Ra & Interfacial Contact Pressure",Prevent fluid or gaseous leakage across static and dynamic fluid interfaces under maximum pressure.,Failure to satisfy o-ring compression calculation criteria leading to functional degradation or field performance issues.,3,N/A
CTL-06-004,Sealing,Seal squeeze verification,"Analytical or empirical control using seal squeeze verification methodologies to verify design limits, ensure structural/functional integrity, and prevent premature failure during product lifecycle.",D,"Seal Squeeze Ratio, Surface Roughness Ra & Interfacial Contact Pressure",Prevent fluid or gaseous leakage across static and dynamic fluid interfaces under maximum pressure.,"Fluid/gas leakage past seal interface, O-ring extrusion, or premature seal hardening.",N/A,3
CTL-06-005,Sealing,Seal contact-pressure analysis,"Analytical or empirical control using seal contact-pressure analysis methodologies to verify design limits, ensure structural/functional integrity, and prevent premature failure during product lifecycle.",P,"Seal Squeeze Ratio, Surface Roughness Ra & Interfacial Contact Pressure",Prevent fluid or gaseous leakage across static and dynamic fluid interfaces under maximum pressure.,"Fluid/gas leakage past seal interface, O-ring extrusion, or premature seal hardening.",3,N/A
CTL-06-006,Sealing,Seal extrusion analysis,"Analytical or empirical control using seal extrusion analysis methodologies to verify design limits, ensure structural/functional integrity, and prevent premature failure during product lifecycle.",P,"Seal Squeeze Ratio, Surface Roughness Ra & Interfacial Contact Pressure",Prevent fluid or gaseous leakage across static and dynamic fluid interfaces under maximum pressure.,"Fluid/gas leakage past seal interface, O-ring extrusion, or premature seal hardening.",3,N/A
CTL-06-007,Sealing,Seal gap analysis,"Analytical or empirical control using seal gap analysis methodologies to verify design limits, ensure structural/functional integrity, and prevent premature failure during product lifecycle.",P,"Seal Squeeze Ratio, Surface Roughness Ra & Interfacial Contact Pressure",Prevent fluid or gaseous leakage across static and dynamic fluid interfaces under maximum pressure.,"Fluid/gas leakage past seal interface, O-ring extrusion, or premature seal hardening.",3,N/A
CTL-06-008,Sealing,Surface-finish verification,"Analytical or empirical control using surface-finish verification methodologies to verify design limits, ensure structural/functional integrity, and prevent premature failure during product lifecycle.",D,"Geometry, Structural Stress, Thermal Limit & Assembly Tolerances",Prevent fluid or gaseous leakage across static and dynamic fluid interfaces under maximum pressure.,Failure to satisfy surface-finish verification criteria leading to functional degradation or field performance issues.,N/A,3
CTL-06-009,Sealing,Shaft-to-seal interface analysis,"Analytical or empirical control using shaft-to-seal interface analysis methodologies to verify design limits, ensure structural/functional integrity, and prevent premature failure during product lifecycle.",P,"Seal Squeeze Ratio, Surface Roughness Ra & Interfacial Contact Pressure",Prevent fluid or gaseous leakage across static and dynamic fluid interfaces under maximum pressure.,"Fluid/gas leakage past seal interface, O-ring extrusion, or premature seal hardening.",3,N/A
CTL-06-010,Sealing,Static sealing analysis,"Analytical or empirical control using static sealing analysis methodologies to verify design limits, ensure structural/functional integrity, and prevent premature failure during product lifecycle.",P,"Seal Squeeze Ratio, Surface Roughness Ra & Interfacial Contact Pressure",Prevent fluid or gaseous leakage across static and dynamic fluid interfaces under maximum pressure.,"Fluid/gas leakage past seal interface, O-ring extrusion, or premature seal hardening.",3,N/A
CTL-06-011,Sealing,Dynamic sealing analysis,"Analytical or empirical control using dynamic sealing analysis methodologies to verify design limits, ensure structural/functional integrity, and prevent premature failure during product lifecycle.",P,"Seal Squeeze Ratio, Surface Roughness Ra & Interfacial Contact Pressure",Prevent fluid or gaseous leakage across static and dynamic fluid interfaces under maximum pressure.,"Fluid/gas leakage past seal interface, O-ring extrusion, or premature seal hardening.",3,N/A
CTL-06-012,Sealing,Pressure sealing analysis,"Analytical or empirical control using pressure sealing analysis methodologies to verify design limits, ensure structural/functional integrity, and prevent premature failure during product lifecycle.",P,"Seal Squeeze Ratio, Surface Roughness Ra & Interfacial Contact Pressure",Prevent fluid or gaseous leakage across static and dynamic fluid interfaces under maximum pressure.,"Fluid/gas leakage past seal interface, O-ring extrusion, or premature seal hardening.",3,N/A
CTL-06-013,Sealing,Vacuum sealing analysis,"Analytical or empirical control using vacuum sealing analysis methodologies to verify design limits, ensure structural/functional integrity, and prevent premature failure during product lifecycle.",P,"Seal Squeeze Ratio, Surface Roughness Ra & Interfacial Contact Pressure",Prevent fluid or gaseous leakage across static and dynamic fluid interfaces under maximum pressure.,"Fluid/gas leakage past seal interface, O-ring extrusion, or premature seal hardening.",3,N/A
CTL-06-014,Sealing,Temperature compatibility,"Analytical or empirical control using temperature compatibility methodologies to verify design limits, ensure structural/functional integrity, and prevent premature failure during product lifecycle.",P,"Operating Temperature, Thermal Gradient & Heat Dissipation Rate",Prevent fluid or gaseous leakage across static and dynamic fluid interfaces under maximum pressure.,"Overheating, thermal expansion mismatch, thermal fatigue cracking, or fluid breakdown.",3,N/A
CTL-06-015,Sealing,Chemical compatibility,"Analytical or empirical control using chemical compatibility methodologies to verify design limits, ensure structural/functional integrity, and prevent premature failure during product lifecycle.",P,"Geometry, Structural Stress, Thermal Limit & Assembly Tolerances",Prevent fluid or gaseous leakage across static and dynamic fluid interfaces under maximum pressure.,Failure to satisfy chemical compatibility criteria leading to functional degradation or field performance issues.,3,N/A
CTL-06-016,Sealing,Seal wear analysis,"Analytical or empirical control using seal wear analysis methodologies to verify design limits, ensure structural/functional integrity, and prevent premature failure during product lifecycle.",P,"Seal Squeeze Ratio, Surface Roughness Ra & Interfacial Contact Pressure",Prevent fluid or gaseous leakage across static and dynamic fluid interfaces under maximum pressure.,"Fluid/gas leakage past seal interface, O-ring extrusion, or premature seal hardening.",3,N/A
CTL-06-017,Sealing,Leakage calculation,"Analytical or empirical control using leakage calculation methodologies to verify design limits, ensure structural/functional integrity, and prevent premature failure during product lifecycle.",P,"Seal Squeeze Ratio, Surface Roughness Ra & Interfacial Contact Pressure",Prevent fluid or gaseous leakage across static and dynamic fluid interfaces under maximum pressure.,"Fluid/gas leakage past seal interface, O-ring extrusion, or premature seal hardening.",3,N/A
CTL-06-018,Sealing,Leakage test,"Analytical or empirical control using leakage test methodologies to verify design limits, ensure structural/functional integrity, and prevent premature failure during product lifecycle.",D,"Seal Squeeze Ratio, Surface Roughness Ra & Interfacial Contact Pressure",Prevent fluid or gaseous leakage across static and dynamic fluid interfaces under maximum pressure.,"Fluid/gas leakage past seal interface, O-ring extrusion, or premature seal hardening.",N/A,3
CTL-06-019,Sealing,Pressure-decay test,"Analytical or empirical control using pressure-decay test methodologies to verify design limits, ensure structural/functional integrity, and prevent premature failure during product lifecycle.",D,"Geometry, Structural Stress, Thermal Limit & Assembly Tolerances",Prevent fluid or gaseous leakage across static and dynamic fluid interfaces under maximum pressure.,Failure to satisfy pressure-decay test criteria leading to functional degradation or field performance issues.,N/A,3
CTL-06-020,Sealing,Helium leak test,"Analytical or empirical control using helium leak test methodologies to verify design limits, ensure structural/functional integrity, and prevent premature failure during product lifecycle.",D,"Seal Squeeze Ratio, Surface Roughness Ra & Interfacial Contact Pressure",Prevent fluid or gaseous leakage across static and dynamic fluid interfaces under maximum pressure.,"Fluid/gas leakage past seal interface, O-ring extrusion, or premature seal hardening.",N/A,2
CTL-06-021,Sealing,Water-ingress test,"Analytical or empirical control using water-ingress test methodologies to verify design limits, ensure structural/functional integrity, and prevent premature failure during product lifecycle.",D,"Geometry, Structural Stress, Thermal Limit & Assembly Tolerances",Prevent fluid or gaseous leakage across static and dynamic fluid interfaces under maximum pressure.,Failure to satisfy water-ingress test criteria leading to functional degradation or field performance issues.,N/A,3
CTL-07-001,Corrosion,Material corrosion compatibility,"Analytical or empirical control using material corrosion compatibility methodologies to verify design limits, ensure structural/functional integrity, and prevent premature failure during product lifecycle.",P,"Coating Thickness (µm), Salt Spray Hours & Galvanic Potential Difference","Prevent environmental oxidation, cosmetic rusting, and structural degradation over target warranty lifespan.","Surface rusting, pitting corrosion, galvanic degradation, or cosmetic finish breakdown.",3,N/A
CTL-07-002,Corrosion,Galvanic corrosion analysis,"Analytical or empirical control using galvanic corrosion analysis methodologies to verify design limits, ensure structural/functional integrity, and prevent premature failure during product lifecycle.",P,"Coating Thickness (µm), Salt Spray Hours & Galvanic Potential Difference","Prevent environmental oxidation, cosmetic rusting, and structural degradation over target warranty lifespan.","Surface rusting, pitting corrosion, galvanic degradation, or cosmetic finish breakdown.",3,N/A
CTL-07-003,Corrosion,Corrosion-protection specification,"Analytical or empirical control using corrosion-protection specification methodologies to verify design limits, ensure structural/functional integrity, and prevent premature failure during product lifecycle.",P,"Coating Thickness (µm), Salt Spray Hours & Galvanic Potential Difference","Prevent environmental oxidation, cosmetic rusting, and structural degradation over target warranty lifespan.","Surface rusting, pitting corrosion, galvanic degradation, or cosmetic finish breakdown.",3,N/A
CTL-07-004,Corrosion,Coating specification,"Analytical or empirical control using coating specification methodologies to verify design limits, ensure structural/functional integrity, and prevent premature failure during product lifecycle.",P,"Coating Thickness (µm), Salt Spray Hours & Galvanic Potential Difference","Prevent environmental oxidation, cosmetic rusting, and structural degradation over target warranty lifespan.",Failure to satisfy coating specification criteria leading to functional degradation or field performance issues.,3,N/A
CTL-07-005,Corrosion,Plating specification,"Analytical or empirical control using plating specification methodologies to verify design limits, ensure structural/functional integrity, and prevent premature failure during product lifecycle.",P,"Coating Thickness (µm), Salt Spray Hours & Galvanic Potential Difference","Prevent environmental oxidation, cosmetic rusting, and structural degradation over target warranty lifespan.",Failure to satisfy plating specification criteria leading to functional degradation or field performance issues.,3,N/A
CTL-07-006,Corrosion,Surface-treatment specification,"Analytical or empirical control using surface-treatment specification methodologies to verify design limits, ensure structural/functional integrity, and prevent premature failure during product lifecycle.",P,"Geometry, Structural Stress, Thermal Limit & Assembly Tolerances","Prevent environmental oxidation, cosmetic rusting, and structural degradation over target warranty lifespan.",Failure to satisfy surface-treatment specification criteria leading to functional degradation or field performance issues.,3,N/A
CTL-07-007,Corrosion,Corrosion allowance,"Analytical or empirical control using corrosion allowance methodologies to verify design limits, ensure structural/functional integrity, and prevent premature failure during product lifecycle.",P,"Coating Thickness (µm), Salt Spray Hours & Galvanic Potential Difference","Prevent environmental oxidation, cosmetic rusting, and structural degradation over target warranty lifespan.","Surface rusting, pitting corrosion, galvanic degradation, or cosmetic finish breakdown.",3,N/A
CTL-07-008,Corrosion,Drainage design,"Analytical or empirical control using drainage design methodologies to verify design limits, ensure structural/functional integrity, and prevent premature failure during product lifecycle.",P,"Geometry, Structural Stress, Thermal Limit & Assembly Tolerances","Prevent environmental oxidation, cosmetic rusting, and structural degradation over target warranty lifespan.",Failure to satisfy drainage design criteria leading to functional degradation or field performance issues.,3,N/A
CTL-07-009,Corrosion,Water-trap prevention,"Analytical or empirical control using water-trap prevention methodologies to verify design limits, ensure structural/functional integrity, and prevent premature failure during product lifecycle.",P,"Geometry, Structural Stress, Thermal Limit & Assembly Tolerances","Prevent environmental oxidation, cosmetic rusting, and structural degradation over target warranty lifespan.",Failure to satisfy water-trap prevention criteria leading to functional degradation or field performance issues.,3,N/A
CTL-07-010,Corrosion,Crevice-corrosion review,"Analytical or empirical control using crevice-corrosion review methodologies to verify design limits, ensure structural/functional integrity, and prevent premature failure during product lifecycle.",P,"Coating Thickness (µm), Salt Spray Hours & Galvanic Potential Difference","Prevent environmental oxidation, cosmetic rusting, and structural degradation over target warranty lifespan.","Surface rusting, pitting corrosion, galvanic degradation, or cosmetic finish breakdown.",3,N/A
CTL-07-011,Corrosion,Dissimilar-material review,"Analytical or empirical control using dissimilar-material review methodologies to verify design limits, ensure structural/functional integrity, and prevent premature failure during product lifecycle.",P,"Design Rule Compliance, Process Capability Index (Cpk) & Risk Priority Number","Prevent environmental oxidation, cosmetic rusting, and structural degradation over target warranty lifespan.",Failure to satisfy dissimilar-material review criteria leading to functional degradation or field performance issues.,3,N/A
CTL-07-012,Corrosion,Salt-spray testing,"Analytical or empirical control using salt-spray testing methodologies to verify design limits, ensure structural/functional integrity, and prevent premature failure during product lifecycle.",D,"Geometry, Structural Stress, Thermal Limit & Assembly Tolerances","Prevent environmental oxidation, cosmetic rusting, and structural degradation over target warranty lifespan.","Surface rusting, pitting corrosion, galvanic degradation, or cosmetic finish breakdown.",N/A,3
CTL-07-013,Corrosion,Cyclic corrosion testing,"Analytical or empirical control using cyclic corrosion testing methodologies to verify design limits, ensure structural/functional integrity, and prevent premature failure during product lifecycle.",D,"Coating Thickness (µm), Salt Spray Hours & Galvanic Potential Difference","Prevent environmental oxidation, cosmetic rusting, and structural degradation over target warranty lifespan.","Surface rusting, pitting corrosion, galvanic degradation, or cosmetic finish breakdown.",N/A,3
CTL-07-014,Corrosion,Humidity testing,"Analytical or empirical control using humidity testing methodologies to verify design limits, ensure structural/functional integrity, and prevent premature failure during product lifecycle.",D,"Geometry, Structural Stress, Thermal Limit & Assembly Tolerances","Prevent environmental oxidation, cosmetic rusting, and structural degradation over target warranty lifespan.",Failure to satisfy humidity testing criteria leading to functional degradation or field performance issues.,N/A,3
CTL-07-015,Corrosion,Environmental exposure testing,"Analytical or empirical control using environmental exposure testing methodologies to verify design limits, ensure structural/functional integrity, and prevent premature failure during product lifecycle.",D,"Geometry, Structural Stress, Thermal Limit & Assembly Tolerances","Prevent environmental oxidation, cosmetic rusting, and structural degradation over target warranty lifespan.",Failure to satisfy environmental exposure testing criteria leading to functional degradation or field performance issues.,N/A,3
CTL-07-016,Corrosion,Corrosion-life prediction,"Analytical or empirical control using corrosion-life prediction methodologies to verify design limits, ensure structural/functional integrity, and prevent premature failure during product lifecycle.",P,"Coating Thickness (µm), Salt Spray Hours & Galvanic Potential Difference","Prevent environmental oxidation, cosmetic rusting, and structural degradation over target warranty lifespan.","Surface rusting, pitting corrosion, galvanic degradation, or cosmetic finish breakdown.",3,N/A
CTL-07-017,Corrosion,Coating-thickness verification,"Analytical or empirical control using coating-thickness verification methodologies to verify design limits, ensure structural/functional integrity, and prevent premature failure during product lifecycle.",D,"Coating Thickness (µm), Salt Spray Hours & Galvanic Potential Difference","Prevent environmental oxidation, cosmetic rusting, and structural degradation over target warranty lifespan.",Failure to satisfy coating-thickness verification criteria leading to functional degradation or field performance issues.,N/A,3
CTL-07-018,Corrosion,Corrosion field-return analysis,"Analytical or empirical control using corrosion field-return analysis methodologies to verify design limits, ensure structural/functional integrity, and prevent premature failure during product lifecycle.",P,"Coating Thickness (µm), Salt Spray Hours & Galvanic Potential Difference","Prevent environmental oxidation, cosmetic rusting, and structural degradation over target warranty lifespan.","Surface rusting, pitting corrosion, galvanic degradation, or cosmetic finish breakdown.",3,N/A
CTL-08-001,Material Selection,Material-property verification,"Analytical or empirical control using material-property verification methodologies to verify design limits, ensure structural/functional integrity, and prevent premature failure during product lifecycle.",D,"Geometry, Structural Stress, Thermal Limit & Assembly Tolerances","Verify selected alloy/polymer properties meet all mechanical, thermal, electrical, and chemical standards.",Failure to satisfy material-property verification criteria leading to functional degradation or field performance issues.,N/A,3
CTL-08-002,Material Selection,Material database review,"Analytical or empirical control using material database review methodologies to verify design limits, ensure structural/functional integrity, and prevent premature failure during product lifecycle.",P,"Design Rule Compliance, Process Capability Index (Cpk) & Risk Priority Number","Verify selected alloy/polymer properties meet all mechanical, thermal, electrical, and chemical standards.",Failure to satisfy material database review criteria leading to functional degradation or field performance issues.,3,N/A
CTL-08-003,Material Selection,Approved material list,"Analytical or empirical control using approved material list methodologies to verify design limits, ensure structural/functional integrity, and prevent premature failure during product lifecycle.",P,"Geometry, Structural Stress, Thermal Limit & Assembly Tolerances","Verify selected alloy/polymer properties meet all mechanical, thermal, electrical, and chemical standards.",Failure to satisfy approved material list criteria leading to functional degradation or field performance issues.,3,N/A
CTL-08-004,Material Selection,Material compatibility,"Analytical or empirical control using material compatibility methodologies to verify design limits, ensure structural/functional integrity, and prevent premature failure during product lifecycle.",P,"Geometry, Structural Stress, Thermal Limit & Assembly Tolerances","Verify selected alloy/polymer properties meet all mechanical, thermal, electrical, and chemical standards.",Failure to satisfy material compatibility criteria leading to functional degradation or field performance issues.,3,N/A
CTL-08-005,Material Selection,Temperature capability,"Analytical or empirical control using temperature capability methodologies to verify design limits, ensure structural/functional integrity, and prevent premature failure during product lifecycle.",P,"Operating Temperature, Thermal Gradient & Heat Dissipation Rate","Verify selected alloy/polymer properties meet all mechanical, thermal, electrical, and chemical standards.","Overheating, thermal expansion mismatch, thermal fatigue cracking, or fluid breakdown.",3,N/A
CTL-08-006,Material Selection,Strength-property verification,"Analytical or empirical control using strength-property verification methodologies to verify design limits, ensure structural/functional integrity, and prevent premature failure during product lifecycle.",D,"Yield Strength, Fatigue Limit & Stress Concentration (Von Mises)","Verify selected alloy/polymer properties meet all mechanical, thermal, electrical, and chemical standards.",Failure to satisfy strength-property verification criteria leading to functional degradation or field performance issues.,N/A,3
CTL-08-007,Material Selection,Fatigue-property verification,"Analytical or empirical control using fatigue-property verification methodologies to verify design limits, ensure structural/functional integrity, and prevent premature failure during product lifecycle.",D,"Yield Strength, Fatigue Limit & Stress Concentration (Von Mises)","Verify selected alloy/polymer properties meet all mechanical, thermal, electrical, and chemical standards.",High-cycle fatigue crack initiation and catastrophic fracture prior to design life.,N/A,3
CTL-08-008,Material Selection,Creep-property verification,"Analytical or empirical control using creep-property verification methodologies to verify design limits, ensure structural/functional integrity, and prevent premature failure during product lifecycle.",D,"Geometry, Structural Stress, Thermal Limit & Assembly Tolerances","Verify selected alloy/polymer properties meet all mechanical, thermal, electrical, and chemical standards.",Failure to satisfy creep-property verification criteria leading to functional degradation or field performance issues.,N/A,3
CTL-08-009,Material Selection,Wear-property verification,"Analytical or empirical control using wear-property verification methodologies to verify design limits, ensure structural/functional integrity, and prevent premature failure during product lifecycle.",D,"Geometry, Structural Stress, Thermal Limit & Assembly Tolerances","Verify selected alloy/polymer properties meet all mechanical, thermal, electrical, and chemical standards.",Failure to satisfy wear-property verification criteria leading to functional degradation or field performance issues.,N/A,3
CTL-08-010,Material Selection,Chemical compatibility,"Analytical or empirical control using chemical compatibility methodologies to verify design limits, ensure structural/functional integrity, and prevent premature failure during product lifecycle.",P,"Geometry, Structural Stress, Thermal Limit & Assembly Tolerances","Verify selected alloy/polymer properties meet all mechanical, thermal, electrical, and chemical standards.",Failure to satisfy chemical compatibility criteria leading to functional degradation or field performance issues.,3,N/A
CTL-08-011,Material Selection,Corrosion compatibility,"Analytical or empirical control using corrosion compatibility methodologies to verify design limits, ensure structural/functional integrity, and prevent premature failure during product lifecycle.",P,"Coating Thickness (µm), Salt Spray Hours & Galvanic Potential Difference","Verify selected alloy/polymer properties meet all mechanical, thermal, electrical, and chemical standards.","Surface rusting, pitting corrosion, galvanic degradation, or cosmetic finish breakdown.",3,N/A
CTL-08-012,Material Selection,Thermal-property verification,"Analytical or empirical control using thermal-property verification methodologies to verify design limits, ensure structural/functional integrity, and prevent premature failure during product lifecycle.",D,"Operating Temperature, Thermal Gradient & Heat Dissipation Rate","Verify selected alloy/polymer properties meet all mechanical, thermal, electrical, and chemical standards.","Overheating, thermal expansion mismatch, thermal fatigue cracking, or fluid breakdown.",N/A,3
CTL-08-013,Material Selection,Electrical-property verification,"Analytical or empirical control using electrical-property verification methodologies to verify design limits, ensure structural/functional integrity, and prevent premature failure during product lifecycle.",D,"Voltage Drop, Current Derating Ratio, Signal Accuracy & ESD Resistance","Verify selected alloy/polymer properties meet all mechanical, thermal, electrical, and chemical standards.",Failure to satisfy electrical-property verification criteria leading to functional degradation or field performance issues.,N/A,3
CTL-08-014,Material Selection,Flammability assessment,"Analytical or empirical control using flammability assessment methodologies to verify design limits, ensure structural/functional integrity, and prevent premature failure during product lifecycle.",P,"Geometry, Structural Stress, Thermal Limit & Assembly Tolerances","Verify selected alloy/polymer properties meet all mechanical, thermal, electrical, and chemical standards.",Failure to satisfy flammability assessment criteria leading to functional degradation or field performance issues.,3,N/A
CTL-08-015,Material Selection,Environmental compatibility,"Analytical or empirical control using environmental compatibility methodologies to verify design limits, ensure structural/functional integrity, and prevent premature failure during product lifecycle.",P,"Geometry, Structural Stress, Thermal Limit & Assembly Tolerances","Verify selected alloy/polymer properties meet all mechanical, thermal, electrical, and chemical standards.",Failure to satisfy environmental compatibility criteria leading to functional degradation or field performance issues.,3,N/A
CTL-08-016,Material Selection,Recycled-material assessment,"Analytical or empirical control using recycled-material assessment methodologies to verify design limits, ensure structural/functional integrity, and prevent premature failure during product lifecycle.",P,"Geometry, Structural Stress, Thermal Limit & Assembly Tolerances","Verify selected alloy/polymer properties meet all mechanical, thermal, electrical, and chemical standards.",Failure to satisfy recycled-material assessment criteria leading to functional degradation or field performance issues.,3,N/A
CTL-08-017,Material Selection,Material substitution review,"Analytical or empirical control using material substitution review methodologies to verify design limits, ensure structural/functional integrity, and prevent premature failure during product lifecycle.",P,"Design Rule Compliance, Process Capability Index (Cpk) & Risk Priority Number","Verify selected alloy/polymer properties meet all mechanical, thermal, electrical, and chemical standards.",Failure to satisfy material substitution review criteria leading to functional degradation or field performance issues.,3,N/A
CTL-08-018,Material Selection,Alternate-material validation,"Analytical or empirical control using alternate-material validation methodologies to verify design limits, ensure structural/functional integrity, and prevent premature failure during product lifecycle.",D,"Geometry, Structural Stress, Thermal Limit & Assembly Tolerances","Verify selected alloy/polymer properties meet all mechanical, thermal, electrical, and chemical standards.",Failure to satisfy alternate-material validation criteria leading to functional degradation or field performance issues.,N/A,3
CTL-09-001,Casting,Casting design guideline,"Analytical or empirical control using casting design guideline methodologies to verify design limits, ensure structural/functional integrity, and prevent premature failure during product lifecycle.",P,"Material Grain Flow, Porosity Level, Micro-hardness & Wall Thickness","Ensure void-free, defect-free material grain structure and dimensional stability during forming operations.","Internal shrinkage voids, gas porosity, cold shuts, or casting leakage under pressure.",2,N/A
CTL-09-002,Casting,Wall-thickness review,"Analytical or empirical control using wall-thickness review methodologies to verify design limits, ensure structural/functional integrity, and prevent premature failure during product lifecycle.",P,"Design Rule Compliance, Process Capability Index (Cpk) & Risk Priority Number","Ensure void-free, defect-free material grain structure and dimensional stability during forming operations.",Failure to satisfy wall-thickness review criteria leading to functional degradation or field performance issues.,3,N/A
CTL-09-003,Casting,Draft-angle review,"Analytical or empirical control using draft-angle review methodologies to verify design limits, ensure structural/functional integrity, and prevent premature failure during product lifecycle.",P,"Design Rule Compliance, Process Capability Index (Cpk) & Risk Priority Number","Ensure void-free, defect-free material grain structure and dimensional stability during forming operations.",Failure to satisfy draft-angle review criteria leading to functional degradation or field performance issues.,3,N/A
CTL-09-004,Casting,Fillet-radius review,"Analytical or empirical control using fillet-radius review methodologies to verify design limits, ensure structural/functional integrity, and prevent premature failure during product lifecycle.",P,"Design Rule Compliance, Process Capability Index (Cpk) & Risk Priority Number","Ensure void-free, defect-free material grain structure and dimensional stability during forming operations.",Failure to satisfy fillet-radius review criteria leading to functional degradation or field performance issues.,3,N/A
CTL-09-005,Casting,Casting simulation,"Analytical or empirical control using casting simulation methodologies to verify design limits, ensure structural/functional integrity, and prevent premature failure during product lifecycle.",P,"Material Grain Flow, Porosity Level, Micro-hardness & Wall Thickness","Ensure void-free, defect-free material grain structure and dimensional stability during forming operations.","Internal shrinkage voids, gas porosity, cold shuts, or casting leakage under pressure.",2,N/A
CTL-09-006,Casting,Solidification analysis,"Analytical or empirical control using solidification analysis methodologies to verify design limits, ensure structural/functional integrity, and prevent premature failure during product lifecycle.",P,"Geometry, Structural Stress, Thermal Limit & Assembly Tolerances","Ensure void-free, defect-free material grain structure and dimensional stability during forming operations.",Failure to satisfy solidification analysis criteria leading to functional degradation or field performance issues.,3,N/A
CTL-09-007,Casting,Shrinkage analysis,"Analytical or empirical control using shrinkage analysis methodologies to verify design limits, ensure structural/functional integrity, and prevent premature failure during product lifecycle.",P,"Geometry, Structural Stress, Thermal Limit & Assembly Tolerances","Ensure void-free, defect-free material grain structure and dimensional stability during forming operations.","Internal shrinkage voids, gas porosity, cold shuts, or casting leakage under pressure.",3,N/A
CTL-09-008,Casting,Porosity analysis,"Analytical or empirical control using porosity analysis methodologies to verify design limits, ensure structural/functional integrity, and prevent premature failure during product lifecycle.",P,"Geometry, Structural Stress, Thermal Limit & Assembly Tolerances","Ensure void-free, defect-free material grain structure and dimensional stability during forming operations.","Internal shrinkage voids, gas porosity, cold shuts, or casting leakage under pressure.",3,N/A
CTL-09-009,Casting,Hot-spot analysis,"Analytical or empirical control using hot-spot analysis methodologies to verify design limits, ensure structural/functional integrity, and prevent premature failure during product lifecycle.",P,"Geometry, Structural Stress, Thermal Limit & Assembly Tolerances","Ensure void-free, defect-free material grain structure and dimensional stability during forming operations.",Failure to satisfy hot-spot analysis criteria leading to functional degradation or field performance issues.,3,N/A
CTL-09-010,Casting,Filling analysis,"Analytical or empirical control using filling analysis methodologies to verify design limits, ensure structural/functional integrity, and prevent premature failure during product lifecycle.",P,"Geometry, Structural Stress, Thermal Limit & Assembly Tolerances","Ensure void-free, defect-free material grain structure and dimensional stability during forming operations.",Failure to satisfy filling analysis criteria leading to functional degradation or field performance issues.,3,N/A
CTL-09-011,Casting,Mold-flow analysis,"Analytical or empirical control using mold-flow analysis methodologies to verify design limits, ensure structural/functional integrity, and prevent premature failure during product lifecycle.",P,"Geometry, Structural Stress, Thermal Limit & Assembly Tolerances","Ensure void-free, defect-free material grain structure and dimensional stability during forming operations.",Failure to satisfy mold-flow analysis criteria leading to functional degradation or field performance issues.,3,N/A
CTL-09-012,Casting,Casting-defect experience review,"Analytical or empirical control using casting-defect experience review methodologies to verify design limits, ensure structural/functional integrity, and prevent premature failure during product lifecycle.",P,"Material Grain Flow, Porosity Level, Micro-hardness & Wall Thickness","Ensure void-free, defect-free material grain structure and dimensional stability during forming operations.","Internal shrinkage voids, gas porosity, cold shuts, or casting leakage under pressure.",3,N/A
CTL-09-013,Casting,Machining allowance review,"Analytical or empirical control using machining allowance review methodologies to verify design limits, ensure structural/functional integrity, and prevent premature failure during product lifecycle.",P,"Material Grain Flow, Porosity Level, Micro-hardness & Wall Thickness","Ensure void-free, defect-free material grain structure and dimensional stability during forming operations.",Failure to satisfy machining allowance review criteria leading to functional degradation or field performance issues.,3,N/A
CTL-09-014,Casting,Heat-treatment requirement,"Analytical or empirical control using heat-treatment requirement methodologies to verify design limits, ensure structural/functional integrity, and prevent premature failure during product lifecycle.",P,"Operating Temperature, Thermal Gradient & Heat Dissipation Rate","Ensure void-free, defect-free material grain structure and dimensional stability during forming operations.","Overheating, thermal expansion mismatch, thermal fatigue cracking, or fluid breakdown.",3,N/A
CTL-09-015,Casting,Casting material verification,"Analytical or empirical control using casting material verification methodologies to verify design limits, ensure structural/functional integrity, and prevent premature failure during product lifecycle.",D,"Material Grain Flow, Porosity Level, Micro-hardness & Wall Thickness","Ensure void-free, defect-free material grain structure and dimensional stability during forming operations.","Internal shrinkage voids, gas porosity, cold shuts, or casting leakage under pressure.",N/A,3
CTL-09-016,Casting,CT/X-ray validation,"Analytical or empirical control using ct/x-ray validation methodologies to verify design limits, ensure structural/functional integrity, and prevent premature failure during product lifecycle.",D,"Geometry, Structural Stress, Thermal Limit & Assembly Tolerances","Ensure void-free, defect-free material grain structure and dimensional stability during forming operations.",Failure to satisfy ct/x-ray validation criteria leading to functional degradation or field performance issues.,N/A,2
CTL-09-017,Casting,Casting durability validation,"Analytical or empirical control using casting durability validation methodologies to verify design limits, ensure structural/functional integrity, and prevent premature failure during product lifecycle.",D,"Material Grain Flow, Porosity Level, Micro-hardness & Wall Thickness","Ensure void-free, defect-free material grain structure and dimensional stability during forming operations.","Internal shrinkage voids, gas porosity, cold shuts, or casting leakage under pressure.",N/A,3
CTL-10-001,Forging,Forging design guideline,"Analytical or empirical control using forging design guideline methodologies to verify design limits, ensure structural/functional integrity, and prevent premature failure during product lifecycle.",P,"Material Grain Flow, Porosity Level, Micro-hardness & Wall Thickness","Ensure void-free, defect-free material grain structure and dimensional stability during forming operations.","Forging laps, improper grain flow alignment, or reduced fatigue strength in critical radius.",2,N/A
CTL-10-002,Forging,Grain-flow consideration,"Analytical or empirical control using grain-flow consideration methodologies to verify design limits, ensure structural/functional integrity, and prevent premature failure during product lifecycle.",P,"Geometry, Structural Stress, Thermal Limit & Assembly Tolerances","Ensure void-free, defect-free material grain structure and dimensional stability during forming operations.","Forging laps, improper grain flow alignment, or reduced fatigue strength in critical radius.",3,N/A
CTL-10-003,Forging,Forging ratio review,"Analytical or empirical control using forging ratio review methodologies to verify design limits, ensure structural/functional integrity, and prevent premature failure during product lifecycle.",P,"Material Grain Flow, Porosity Level, Micro-hardness & Wall Thickness","Ensure void-free, defect-free material grain structure and dimensional stability during forming operations.","Forging laps, improper grain flow alignment, or reduced fatigue strength in critical radius.",3,N/A
CTL-10-004,Forging,Draft-angle review,"Analytical or empirical control using draft-angle review methodologies to verify design limits, ensure structural/functional integrity, and prevent premature failure during product lifecycle.",P,"Design Rule Compliance, Process Capability Index (Cpk) & Risk Priority Number","Ensure void-free, defect-free material grain structure and dimensional stability during forming operations.",Failure to satisfy draft-angle review criteria leading to functional degradation or field performance issues.,3,N/A
CTL-10-005,Forging,Die feasibility,"Analytical or empirical control using die feasibility methodologies to verify design limits, ensure structural/functional integrity, and prevent premature failure during product lifecycle.",P,"Geometry, Structural Stress, Thermal Limit & Assembly Tolerances","Ensure void-free, defect-free material grain structure and dimensional stability during forming operations.",Failure to satisfy die feasibility criteria leading to functional degradation or field performance issues.,2,N/A
CTL-10-006,Forging,Forging simulation,"Analytical or empirical control using forging simulation methodologies to verify design limits, ensure structural/functional integrity, and prevent premature failure during product lifecycle.",P,"Material Grain Flow, Porosity Level, Micro-hardness & Wall Thickness","Ensure void-free, defect-free material grain structure and dimensional stability during forming operations.","Forging laps, improper grain flow alignment, or reduced fatigue strength in critical radius.",2,N/A
CTL-10-007,Forging,Forging-load calculation,"Analytical or empirical control using forging-load calculation methodologies to verify design limits, ensure structural/functional integrity, and prevent premature failure during product lifecycle.",P,"Yield Strength, Fatigue Limit & Stress Concentration (Von Mises)","Ensure void-free, defect-free material grain structure and dimensional stability during forming operations.","Forging laps, improper grain flow alignment, or reduced fatigue strength in critical radius.",3,N/A
CTL-10-008,Forging,Material flow analysis,"Analytical or empirical control using material flow analysis methodologies to verify design limits, ensure structural/functional integrity, and prevent premature failure during product lifecycle.",P,"Geometry, Structural Stress, Thermal Limit & Assembly Tolerances","Ensure void-free, defect-free material grain structure and dimensional stability during forming operations.",Failure to satisfy material flow analysis criteria leading to functional degradation or field performance issues.,3,N/A
CTL-10-009,Forging,Forging defect analysis,"Analytical or empirical control using forging defect analysis methodologies to verify design limits, ensure structural/functional integrity, and prevent premature failure during product lifecycle.",P,"Material Grain Flow, Porosity Level, Micro-hardness & Wall Thickness","Ensure void-free, defect-free material grain structure and dimensional stability during forming operations.","Forging laps, improper grain flow alignment, or reduced fatigue strength in critical radius.",3,N/A
CTL-10-010,Forging,Heat-treatment specification,"Analytical or empirical control using heat-treatment specification methodologies to verify design limits, ensure structural/functional integrity, and prevent premature failure during product lifecycle.",P,"Operating Temperature, Thermal Gradient & Heat Dissipation Rate","Ensure void-free, defect-free material grain structure and dimensional stability during forming operations.","Overheating, thermal expansion mismatch, thermal fatigue cracking, or fluid breakdown.",3,N/A
CTL-10-011,Forging,Grain-structure verification,"Analytical or empirical control using grain-structure verification methodologies to verify design limits, ensure structural/functional integrity, and prevent premature failure during product lifecycle.",D,"Geometry, Structural Stress, Thermal Limit & Assembly Tolerances","Ensure void-free, defect-free material grain structure and dimensional stability during forming operations.","Forging laps, improper grain flow alignment, or reduced fatigue strength in critical radius.",N/A,3
CTL-10-012,Forging,Hardness verification,"Analytical or empirical control using hardness verification methodologies to verify design limits, ensure structural/functional integrity, and prevent premature failure during product lifecycle.",D,"Geometry, Structural Stress, Thermal Limit & Assembly Tolerances","Ensure void-free, defect-free material grain structure and dimensional stability during forming operations.",Failure to satisfy hardness verification criteria leading to functional degradation or field performance issues.,N/A,3
CTL-10-013,Forging,Fatigue validation,"Analytical or empirical control using fatigue validation methodologies to verify design limits, ensure structural/functional integrity, and prevent premature failure during product lifecycle.",D,"Yield Strength, Fatigue Limit & Stress Concentration (Von Mises)","Ensure void-free, defect-free material grain structure and dimensional stability during forming operations.",High-cycle fatigue crack initiation and catastrophic fracture prior to design life.,N/A,3
CTL-10-014,Forging,Forging process capability review,"Analytical or empirical control using forging process capability review methodologies to verify design limits, ensure structural/functional integrity, and prevent premature failure during product lifecycle.",P,"Material Grain Flow, Porosity Level, Micro-hardness & Wall Thickness","Ensure void-free, defect-free material grain structure and dimensional stability during forming operations.","Forging laps, improper grain flow alignment, or reduced fatigue strength in critical radius.",3,N/A
CTL-10-015,Forging,Previous forging lessons learned,"Analytical or empirical control using previous forging lessons learned methodologies to verify design limits, ensure structural/functional integrity, and prevent premature failure during product lifecycle.",P,"Material Grain Flow, Porosity Level, Micro-hardness & Wall Thickness","Ensure void-free, defect-free material grain structure and dimensional stability during forming operations.","Forging laps, improper grain flow alignment, or reduced fatigue strength in critical radius.",3,N/A
CTL-11-001,Machining,Machining feasibility review,"Analytical or empirical control using machining feasibility review methodologies to verify design limits, ensure structural/functional integrity, and prevent premature failure during product lifecycle.",P,"Material Grain Flow, Porosity Level, Micro-hardness & Wall Thickness","Achieve required surface texture, tight geometric tolerances, and burr-free machined features.",Failure to satisfy machining feasibility review criteria leading to functional degradation or field performance issues.,2,N/A
CTL-11-002,Machining,Machining tolerance review,"Analytical or empirical control using machining tolerance review methodologies to verify design limits, ensure structural/functional integrity, and prevent premature failure during product lifecycle.",P,"GD&T Feature Position, Profile Tolerance & Dimensional Clearance Envelope","Achieve required surface texture, tight geometric tolerances, and burr-free machined features.","Mechanical binding, assembly jam, interference fit failure, or excessive clearance slap.",3,N/A
CTL-11-003,Machining,Tool-access analysis,"Analytical or empirical control using tool-access analysis methodologies to verify design limits, ensure structural/functional integrity, and prevent premature failure during product lifecycle.",P,"Geometry, Structural Stress, Thermal Limit & Assembly Tolerances","Achieve required surface texture, tight geometric tolerances, and burr-free machined features.",Failure to satisfy tool-access analysis criteria leading to functional degradation or field performance issues.,3,N/A
CTL-11-004,Machining,Tool-life consideration,"Analytical or empirical control using tool-life consideration methodologies to verify design limits, ensure structural/functional integrity, and prevent premature failure during product lifecycle.",P,"Mean Time Between Failures (MTBF), Weibull Beta/Eta & Warranty Return Rate","Achieve required surface texture, tight geometric tolerances, and burr-free machined features.",Failure to satisfy tool-life consideration criteria leading to functional degradation or field performance issues.,3,N/A
CTL-11-005,Machining,Surface-finish specification,"Analytical or empirical control using surface-finish specification methodologies to verify design limits, ensure structural/functional integrity, and prevent premature failure during product lifecycle.",P,"Geometry, Structural Stress, Thermal Limit & Assembly Tolerances","Achieve required surface texture, tight geometric tolerances, and burr-free machined features.",Failure to satisfy surface-finish specification criteria leading to functional degradation or field performance issues.,3,N/A
CTL-11-006,Machining,Machining allowance,"Analytical or empirical control using machining allowance methodologies to verify design limits, ensure structural/functional integrity, and prevent premature failure during product lifecycle.",P,"Material Grain Flow, Porosity Level, Micro-hardness & Wall Thickness","Achieve required surface texture, tight geometric tolerances, and burr-free machined features.",Failure to satisfy machining allowance criteria leading to functional degradation or field performance issues.,3,N/A
CTL-11-007,Machining,Burr-risk analysis,"Analytical or empirical control using burr-risk analysis methodologies to verify design limits, ensure structural/functional integrity, and prevent premature failure during product lifecycle.",P,"Geometry, Structural Stress, Thermal Limit & Assembly Tolerances","Achieve required surface texture, tight geometric tolerances, and burr-free machined features.",Failure to satisfy burr-risk analysis criteria leading to functional degradation or field performance issues.,3,N/A
CTL-11-008,Machining,Chatter-risk analysis,"Analytical or empirical control using chatter-risk analysis methodologies to verify design limits, ensure structural/functional integrity, and prevent premature failure during product lifecycle.",P,"Geometry, Structural Stress, Thermal Limit & Assembly Tolerances","Achieve required surface texture, tight geometric tolerances, and burr-free machined features.",Failure to satisfy chatter-risk analysis criteria leading to functional degradation or field performance issues.,3,N/A
CTL-11-009,Machining,Machining distortion analysis,"Analytical or empirical control using machining distortion analysis methodologies to verify design limits, ensure structural/functional integrity, and prevent premature failure during product lifecycle.",P,"Material Grain Flow, Porosity Level, Micro-hardness & Wall Thickness","Achieve required surface texture, tight geometric tolerances, and burr-free machined features.",Failure to satisfy machining distortion analysis criteria leading to functional degradation or field performance issues.,3,N/A
CTL-11-010,Machining,Hole-quality review,"Analytical or empirical control using hole-quality review methodologies to verify design limits, ensure structural/functional integrity, and prevent premature failure during product lifecycle.",P,"Design Rule Compliance, Process Capability Index (Cpk) & Risk Priority Number","Achieve required surface texture, tight geometric tolerances, and burr-free machined features.",Failure to satisfy hole-quality review criteria leading to functional degradation or field performance issues.,3,N/A
CTL-11-011,Machining,Thread-design review,"Analytical or empirical control using thread-design review methodologies to verify design limits, ensure structural/functional integrity, and prevent premature failure during product lifecycle.",P,"Design Rule Compliance, Process Capability Index (Cpk) & Risk Priority Number","Achieve required surface texture, tight geometric tolerances, and burr-free machined features.",Failure to satisfy thread-design review criteria leading to functional degradation or field performance issues.,3,N/A
CTL-11-012,Machining,Datum machining strategy,"Analytical or empirical control using datum machining strategy methodologies to verify design limits, ensure structural/functional integrity, and prevent premature failure during product lifecycle.",P,"Material Grain Flow, Porosity Level, Micro-hardness & Wall Thickness","Achieve required surface texture, tight geometric tolerances, and burr-free machined features.",Failure to satisfy datum machining strategy criteria leading to functional degradation or field performance issues.,3,N/A
CTL-11-013,Machining,Gauge feasibility,"Analytical or empirical control using gauge feasibility methodologies to verify design limits, ensure structural/functional integrity, and prevent premature failure during product lifecycle.",P,"Geometry, Structural Stress, Thermal Limit & Assembly Tolerances","Achieve required surface texture, tight geometric tolerances, and burr-free machined features.",Failure to satisfy gauge feasibility criteria leading to functional degradation or field performance issues.,2,N/A
CTL-11-014,Machining,Measurement method review,"Analytical or empirical control using measurement method review methodologies to verify design limits, ensure structural/functional integrity, and prevent premature failure during product lifecycle.",P,"Design Rule Compliance, Process Capability Index (Cpk) & Risk Priority Number","Achieve required surface texture, tight geometric tolerances, and burr-free machined features.",Failure to satisfy measurement method review criteria leading to functional degradation or field performance issues.,3,N/A
CTL-11-015,Machining,Process-capability review,"Analytical or empirical control using process-capability review methodologies to verify design limits, ensure structural/functional integrity, and prevent premature failure during product lifecycle.",P,"Design Rule Compliance, Process Capability Index (Cpk) & Risk Priority Number","Achieve required surface texture, tight geometric tolerances, and burr-free machined features.",Failure to satisfy process-capability review criteria leading to functional degradation or field performance issues.,3,N/A
CTL-11-016,Machining,Machining experience review,"Analytical or empirical control using machining experience review methodologies to verify design limits, ensure structural/functional integrity, and prevent premature failure during product lifecycle.",P,"Material Grain Flow, Porosity Level, Micro-hardness & Wall Thickness","Achieve required surface texture, tight geometric tolerances, and burr-free machined features.",Failure to satisfy machining experience review criteria leading to functional degradation or field performance issues.,3,N/A
CTL-12-001,Welding,Weld design guideline,"Analytical or empirical control using weld design guideline methodologies to verify design limits, ensure structural/functional integrity, and prevent premature failure during product lifecycle.",P,"Material Grain Flow, Porosity Level, Micro-hardness & Wall Thickness","Form full-penetration, defect-free structural joints capable of sustaining cyclic fatigue loads.","Weld cracking, lack of fusion, HAZ embrittlement, or weld root fatigue failure.",2,N/A
CTL-12-002,Welding,Weld-size calculation,"Analytical or empirical control using weld-size calculation methodologies to verify design limits, ensure structural/functional integrity, and prevent premature failure during product lifecycle.",P,"Material Grain Flow, Porosity Level, Micro-hardness & Wall Thickness","Form full-penetration, defect-free structural joints capable of sustaining cyclic fatigue loads.","Weld cracking, lack of fusion, HAZ embrittlement, or weld root fatigue failure.",3,N/A
CTL-12-003,Welding,Weld-strength calculation,"Analytical or empirical control using weld-strength calculation methodologies to verify design limits, ensure structural/functional integrity, and prevent premature failure during product lifecycle.",P,"Yield Strength, Fatigue Limit & Stress Concentration (Von Mises)","Form full-penetration, defect-free structural joints capable of sustaining cyclic fatigue loads.","Weld cracking, lack of fusion, HAZ embrittlement, or weld root fatigue failure.",3,N/A
CTL-12-004,Welding,Weld-fatigue calculation,"Analytical or empirical control using weld-fatigue calculation methodologies to verify design limits, ensure structural/functional integrity, and prevent premature failure during product lifecycle.",P,"Yield Strength, Fatigue Limit & Stress Concentration (Von Mises)","Form full-penetration, defect-free structural joints capable of sustaining cyclic fatigue loads.",High-cycle fatigue crack initiation and catastrophic fracture prior to design life.,3,N/A
CTL-12-005,Welding,Weld-joint selection,"Analytical or empirical control using weld-joint selection methodologies to verify design limits, ensure structural/functional integrity, and prevent premature failure during product lifecycle.",P,"Material Grain Flow, Porosity Level, Micro-hardness & Wall Thickness","Form full-penetration, defect-free structural joints capable of sustaining cyclic fatigue loads.","Weld cracking, lack of fusion, HAZ embrittlement, or weld root fatigue failure.",3,N/A
CTL-12-006,Welding,Weld-accessibility review,"Analytical or empirical control using weld-accessibility review methodologies to verify design limits, ensure structural/functional integrity, and prevent premature failure during product lifecycle.",P,"Material Grain Flow, Porosity Level, Micro-hardness & Wall Thickness","Form full-penetration, defect-free structural joints capable of sustaining cyclic fatigue loads.","Weld cracking, lack of fusion, HAZ embrittlement, or weld root fatigue failure.",3,N/A
CTL-12-007,Welding,Weld distortion analysis,"Analytical or empirical control using weld distortion analysis methodologies to verify design limits, ensure structural/functional integrity, and prevent premature failure during product lifecycle.",P,"Material Grain Flow, Porosity Level, Micro-hardness & Wall Thickness","Form full-penetration, defect-free structural joints capable of sustaining cyclic fatigue loads.","Weld cracking, lack of fusion, HAZ embrittlement, or weld root fatigue failure.",3,N/A
CTL-12-008,Welding,Heat-affected-zone consideration,"Analytical or empirical control using heat-affected-zone consideration methodologies to verify design limits, ensure structural/functional integrity, and prevent premature failure during product lifecycle.",P,"Operating Temperature, Thermal Gradient & Heat Dissipation Rate","Form full-penetration, defect-free structural joints capable of sustaining cyclic fatigue loads.","Overheating, thermal expansion mismatch, thermal fatigue cracking, or fluid breakdown.",3,N/A
CTL-12-009,Welding,Weld penetration requirement,"Analytical or empirical control using weld penetration requirement methodologies to verify design limits, ensure structural/functional integrity, and prevent premature failure during product lifecycle.",P,"Material Grain Flow, Porosity Level, Micro-hardness & Wall Thickness","Form full-penetration, defect-free structural joints capable of sustaining cyclic fatigue loads.","Weld cracking, lack of fusion, HAZ embrittlement, or weld root fatigue failure.",3,N/A
CTL-12-010,Welding,Weld inspection requirement,"Analytical or empirical control using weld inspection requirement methodologies to verify design limits, ensure structural/functional integrity, and prevent premature failure during product lifecycle.",D,"Material Grain Flow, Porosity Level, Micro-hardness & Wall Thickness","Form full-penetration, defect-free structural joints capable of sustaining cyclic fatigue loads.","Weld cracking, lack of fusion, HAZ embrittlement, or weld root fatigue failure.",N/A,3
CTL-12-011,Welding,Weld NDT requirement,"Analytical or empirical control using weld ndt requirement methodologies to verify design limits, ensure structural/functional integrity, and prevent premature failure during product lifecycle.",P,"Material Grain Flow, Porosity Level, Micro-hardness & Wall Thickness","Form full-penetration, defect-free structural joints capable of sustaining cyclic fatigue loads.","Weld cracking, lack of fusion, HAZ embrittlement, or weld root fatigue failure.",3,N/A
CTL-12-012,Welding,Weld process capability,"Analytical or empirical control using weld process capability methodologies to verify design limits, ensure structural/functional integrity, and prevent premature failure during product lifecycle.",P,"Material Grain Flow, Porosity Level, Micro-hardness & Wall Thickness","Form full-penetration, defect-free structural joints capable of sustaining cyclic fatigue loads.","Weld cracking, lack of fusion, HAZ embrittlement, or weld root fatigue failure.",3,N/A
CTL-12-013,Welding,Weld failure-history review,"Analytical or empirical control using weld failure-history review methodologies to verify design limits, ensure structural/functional integrity, and prevent premature failure during product lifecycle.",P,"Material Grain Flow, Porosity Level, Micro-hardness & Wall Thickness","Form full-penetration, defect-free structural joints capable of sustaining cyclic fatigue loads.","Weld cracking, lack of fusion, HAZ embrittlement, or weld root fatigue failure.",3,N/A
CTL-12-014,Welding,Weld durability test,"Analytical or empirical control using weld durability test methodologies to verify design limits, ensure structural/functional integrity, and prevent premature failure during product lifecycle.",D,"Material Grain Flow, Porosity Level, Micro-hardness & Wall Thickness","Form full-penetration, defect-free structural joints capable of sustaining cyclic fatigue loads.","Weld cracking, lack of fusion, HAZ embrittlement, or weld root fatigue failure.",N/A,3
CTL-13-001,Sheet Metal,Sheet-metal thickness selection,"Analytical or empirical control using sheet-metal thickness selection methodologies to verify design limits, ensure structural/functional integrity, and prevent premature failure during product lifecycle.",P,"Material Grain Flow, Porosity Level, Micro-hardness & Wall Thickness","Prevent springback, tearing, or oil-canning while maintaining required panel stiffness and dimensional accuracy.",Failure to satisfy sheet-metal thickness selection criteria leading to functional degradation or field performance issues.,3,N/A
CTL-13-002,Sheet Metal,Bend-radius calculation,"Analytical or empirical control using bend-radius calculation methodologies to verify design limits, ensure structural/functional integrity, and prevent premature failure during product lifecycle.",P,"Geometry, Structural Stress, Thermal Limit & Assembly Tolerances","Prevent springback, tearing, or oil-canning while maintaining required panel stiffness and dimensional accuracy.",Failure to satisfy bend-radius calculation criteria leading to functional degradation or field performance issues.,3,N/A
CTL-13-003,Sheet Metal,Springback consideration,"Analytical or empirical control using springback consideration methodologies to verify design limits, ensure structural/functional integrity, and prevent premature failure during product lifecycle.",P,"Geometry, Structural Stress, Thermal Limit & Assembly Tolerances","Prevent springback, tearing, or oil-canning while maintaining required panel stiffness and dimensional accuracy.",Failure to satisfy springback consideration criteria leading to functional degradation or field performance issues.,3,N/A
CTL-13-004,Sheet Metal,Formability analysis,"Analytical or empirical control using formability analysis methodologies to verify design limits, ensure structural/functional integrity, and prevent premature failure during product lifecycle.",P,"Geometry, Structural Stress, Thermal Limit & Assembly Tolerances","Prevent springback, tearing, or oil-canning while maintaining required panel stiffness and dimensional accuracy.",Failure to satisfy formability analysis criteria leading to functional degradation or field performance issues.,3,N/A
CTL-13-005,Sheet Metal,Drawability analysis,"Analytical or empirical control using drawability analysis methodologies to verify design limits, ensure structural/functional integrity, and prevent premature failure during product lifecycle.",P,"Geometry, Structural Stress, Thermal Limit & Assembly Tolerances","Prevent springback, tearing, or oil-canning while maintaining required panel stiffness and dimensional accuracy.",Failure to satisfy drawability analysis criteria leading to functional degradation or field performance issues.,3,N/A
CTL-13-006,Sheet Metal,Wrinkling analysis,"Analytical or empirical control using wrinkling analysis methodologies to verify design limits, ensure structural/functional integrity, and prevent premature failure during product lifecycle.",P,"Geometry, Structural Stress, Thermal Limit & Assembly Tolerances","Prevent springback, tearing, or oil-canning while maintaining required panel stiffness and dimensional accuracy.",Failure to satisfy wrinkling analysis criteria leading to functional degradation or field performance issues.,3,N/A
CTL-13-007,Sheet Metal,Tearing analysis,"Analytical or empirical control using tearing analysis methodologies to verify design limits, ensure structural/functional integrity, and prevent premature failure during product lifecycle.",P,"Geometry, Structural Stress, Thermal Limit & Assembly Tolerances","Prevent springback, tearing, or oil-canning while maintaining required panel stiffness and dimensional accuracy.",Failure to satisfy tearing analysis criteria leading to functional degradation or field performance issues.,3,N/A
CTL-13-008,Sheet Metal,Stamping simulation,"Analytical or empirical control using stamping simulation methodologies to verify design limits, ensure structural/functional integrity, and prevent premature failure during product lifecycle.",P,"Geometry, Structural Stress, Thermal Limit & Assembly Tolerances","Prevent springback, tearing, or oil-canning while maintaining required panel stiffness and dimensional accuracy.",Failure to satisfy stamping simulation criteria leading to functional degradation or field performance issues.,2,N/A
CTL-13-009,Sheet Metal,Hem design review,"Analytical or empirical control using hem design review methodologies to verify design limits, ensure structural/functional integrity, and prevent premature failure during product lifecycle.",P,"Design Rule Compliance, Process Capability Index (Cpk) & Risk Priority Number","Prevent springback, tearing, or oil-canning while maintaining required panel stiffness and dimensional accuracy.",Failure to satisfy hem design review criteria leading to functional degradation or field performance issues.,3,N/A
CTL-13-010,Sheet Metal,Flange design,"Analytical or empirical control using flange design methodologies to verify design limits, ensure structural/functional integrity, and prevent premature failure during product lifecycle.",P,"Geometry, Structural Stress, Thermal Limit & Assembly Tolerances","Prevent springback, tearing, or oil-canning while maintaining required panel stiffness and dimensional accuracy.",Failure to satisfy flange design criteria leading to functional degradation or field performance issues.,3,N/A
CTL-13-011,Sheet Metal,Spot-weld layout,"Analytical or empirical control using spot-weld layout methodologies to verify design limits, ensure structural/functional integrity, and prevent premature failure during product lifecycle.",P,"Material Grain Flow, Porosity Level, Micro-hardness & Wall Thickness","Prevent springback, tearing, or oil-canning while maintaining required panel stiffness and dimensional accuracy.","Weld cracking, lack of fusion, HAZ embrittlement, or weld root fatigue failure.",3,N/A
CTL-13-012,Sheet Metal,Panel stiffness analysis,"Analytical or empirical control using panel stiffness analysis methodologies to verify design limits, ensure structural/functional integrity, and prevent premature failure during product lifecycle.",P,"Geometry, Structural Stress, Thermal Limit & Assembly Tolerances","Prevent springback, tearing, or oil-canning while maintaining required panel stiffness and dimensional accuracy.",Failure to satisfy panel stiffness analysis criteria leading to functional degradation or field performance issues.,3,N/A
CTL-13-013,Sheet Metal,Oil-canning analysis,"Analytical or empirical control using oil-canning analysis methodologies to verify design limits, ensure structural/functional integrity, and prevent premature failure during product lifecycle.",P,"Geometry, Structural Stress, Thermal Limit & Assembly Tolerances","Prevent springback, tearing, or oil-canning while maintaining required panel stiffness and dimensional accuracy.",Failure to satisfy oil-canning analysis criteria leading to functional degradation or field performance issues.,3,N/A
CTL-13-014,Sheet Metal,Dimensional variation analysis,"Analytical or empirical control using dimensional variation analysis methodologies to verify design limits, ensure structural/functional integrity, and prevent premature failure during product lifecycle.",P,"Geometry, Structural Stress, Thermal Limit & Assembly Tolerances","Prevent springback, tearing, or oil-canning while maintaining required panel stiffness and dimensional accuracy.",Failure to satisfy dimensional variation analysis criteria leading to functional degradation or field performance issues.,3,N/A
CTL-13-015,Sheet Metal,Sheet-metal corrosion review,"Analytical or empirical control using sheet-metal corrosion review methodologies to verify design limits, ensure structural/functional integrity, and prevent premature failure during product lifecycle.",P,"Coating Thickness (µm), Salt Spray Hours & Galvanic Potential Difference","Prevent springback, tearing, or oil-canning while maintaining required panel stiffness and dimensional accuracy.","Surface rusting, pitting corrosion, galvanic degradation, or cosmetic finish breakdown.",3,N/A
CTL-14-001,Plastics,Polymer selection,"Analytical or empirical control using polymer selection methodologies to verify design limits, ensure structural/functional integrity, and prevent premature failure during product lifecycle.",P,"Geometry, Structural Stress, Thermal Limit & Assembly Tolerances","Ensure proper polymer flow, uniform shrinkage, creep resistance, and environmental durability.",Failure to satisfy polymer selection criteria leading to functional degradation or field performance issues.,3,N/A
CTL-14-002,Plastics,Plastic material-property review,"Analytical or empirical control using plastic material-property review methodologies to verify design limits, ensure structural/functional integrity, and prevent premature failure during product lifecycle.",P,"Material Grain Flow, Porosity Level, Micro-hardness & Wall Thickness","Ensure proper polymer flow, uniform shrinkage, creep resistance, and environmental durability.",Failure to satisfy plastic material-property review criteria leading to functional degradation or field performance issues.,3,N/A
CTL-14-003,Plastics,Mold-flow analysis,"Analytical or empirical control using mold-flow analysis methodologies to verify design limits, ensure structural/functional integrity, and prevent premature failure during product lifecycle.",P,"Geometry, Structural Stress, Thermal Limit & Assembly Tolerances","Ensure proper polymer flow, uniform shrinkage, creep resistance, and environmental durability.",Failure to satisfy mold-flow analysis criteria leading to functional degradation or field performance issues.,3,N/A
CTL-14-004,Plastics,Shrinkage analysis,"Analytical or empirical control using shrinkage analysis methodologies to verify design limits, ensure structural/functional integrity, and prevent premature failure during product lifecycle.",P,"Geometry, Structural Stress, Thermal Limit & Assembly Tolerances","Ensure proper polymer flow, uniform shrinkage, creep resistance, and environmental durability.","Internal shrinkage voids, gas porosity, cold shuts, or casting leakage under pressure.",3,N/A
CTL-14-005,Plastics,Warpage analysis,"Analytical or empirical control using warpage analysis methodologies to verify design limits, ensure structural/functional integrity, and prevent premature failure during product lifecycle.",P,"Geometry, Structural Stress, Thermal Limit & Assembly Tolerances","Ensure proper polymer flow, uniform shrinkage, creep resistance, and environmental durability.",Failure to satisfy warpage analysis criteria leading to functional degradation or field performance issues.,3,N/A
CTL-14-006,Plastics,Sink-mark analysis,"Analytical or empirical control using sink-mark analysis methodologies to verify design limits, ensure structural/functional integrity, and prevent premature failure during product lifecycle.",P,"Geometry, Structural Stress, Thermal Limit & Assembly Tolerances","Ensure proper polymer flow, uniform shrinkage, creep resistance, and environmental durability.",Failure to satisfy sink-mark analysis criteria leading to functional degradation or field performance issues.,3,N/A
CTL-14-007,Plastics,Weld-line analysis,"Analytical or empirical control using weld-line analysis methodologies to verify design limits, ensure structural/functional integrity, and prevent premature failure during product lifecycle.",P,"Material Grain Flow, Porosity Level, Micro-hardness & Wall Thickness","Ensure proper polymer flow, uniform shrinkage, creep resistance, and environmental durability.","Weld cracking, lack of fusion, HAZ embrittlement, or weld root fatigue failure.",3,N/A
CTL-14-008,Plastics,Draft-angle review,"Analytical or empirical control using draft-angle review methodologies to verify design limits, ensure structural/functional integrity, and prevent premature failure during product lifecycle.",P,"Design Rule Compliance, Process Capability Index (Cpk) & Risk Priority Number","Ensure proper polymer flow, uniform shrinkage, creep resistance, and environmental durability.",Failure to satisfy draft-angle review criteria leading to functional degradation or field performance issues.,3,N/A
CTL-14-009,Plastics,Rib design review,"Analytical or empirical control using rib design review methodologies to verify design limits, ensure structural/functional integrity, and prevent premature failure during product lifecycle.",P,"Design Rule Compliance, Process Capability Index (Cpk) & Risk Priority Number","Ensure proper polymer flow, uniform shrinkage, creep resistance, and environmental durability.",Failure to satisfy rib design review criteria leading to functional degradation or field performance issues.,3,N/A
CTL-14-010,Plastics,Boss design review,"Analytical or empirical control using boss design review methodologies to verify design limits, ensure structural/functional integrity, and prevent premature failure during product lifecycle.",P,"Design Rule Compliance, Process Capability Index (Cpk) & Risk Priority Number","Ensure proper polymer flow, uniform shrinkage, creep resistance, and environmental durability.",Failure to satisfy boss design review criteria leading to functional degradation or field performance issues.,3,N/A
CTL-14-011,Plastics,Wall-thickness review,"Analytical or empirical control using wall-thickness review methodologies to verify design limits, ensure structural/functional integrity, and prevent premature failure during product lifecycle.",P,"Design Rule Compliance, Process Capability Index (Cpk) & Risk Priority Number","Ensure proper polymer flow, uniform shrinkage, creep resistance, and environmental durability.",Failure to satisfy wall-thickness review criteria leading to functional degradation or field performance issues.,3,N/A
CTL-14-012,Plastics,Snap-fit design,"Analytical or empirical control using snap-fit design methodologies to verify design limits, ensure structural/functional integrity, and prevent premature failure during product lifecycle.",P,"Geometry, Structural Stress, Thermal Limit & Assembly Tolerances","Ensure proper polymer flow, uniform shrinkage, creep resistance, and environmental durability.",Failure to satisfy snap-fit design criteria leading to functional degradation or field performance issues.,3,N/A
CTL-14-013,Plastics,Creep calculation,"Analytical or empirical control using creep calculation methodologies to verify design limits, ensure structural/functional integrity, and prevent premature failure during product lifecycle.",P,"Geometry, Structural Stress, Thermal Limit & Assembly Tolerances","Ensure proper polymer flow, uniform shrinkage, creep resistance, and environmental durability.",Failure to satisfy creep calculation criteria leading to functional degradation or field performance issues.,3,N/A
CTL-14-014,Plastics,Thermal expansion,"Analytical or empirical control using thermal expansion methodologies to verify design limits, ensure structural/functional integrity, and prevent premature failure during product lifecycle.",P,"Operating Temperature, Thermal Gradient & Heat Dissipation Rate","Ensure proper polymer flow, uniform shrinkage, creep resistance, and environmental durability.","Overheating, thermal expansion mismatch, thermal fatigue cracking, or fluid breakdown.",3,N/A
CTL-14-015,Plastics,Chemical compatibility,"Analytical or empirical control using chemical compatibility methodologies to verify design limits, ensure structural/functional integrity, and prevent premature failure during product lifecycle.",P,"Geometry, Structural Stress, Thermal Limit & Assembly Tolerances","Ensure proper polymer flow, uniform shrinkage, creep resistance, and environmental durability.",Failure to satisfy chemical compatibility criteria leading to functional degradation or field performance issues.,3,N/A
CTL-14-016,Plastics,UV/environmental durability,"Analytical or empirical control using uv/environmental durability methodologies to verify design limits, ensure structural/functional integrity, and prevent premature failure during product lifecycle.",P,"Geometry, Structural Stress, Thermal Limit & Assembly Tolerances","Ensure proper polymer flow, uniform shrinkage, creep resistance, and environmental durability.",Failure to satisfy uv/environmental durability criteria leading to functional degradation or field performance issues.,3,N/A
CTL-14-017,Plastics,Plastic fatigue,"Analytical or empirical control using plastic fatigue methodologies to verify design limits, ensure structural/functional integrity, and prevent premature failure during product lifecycle.",P,"Yield Strength, Fatigue Limit & Stress Concentration (Von Mises)","Ensure proper polymer flow, uniform shrinkage, creep resistance, and environmental durability.",High-cycle fatigue crack initiation and catastrophic fracture prior to design life.,3,N/A
CTL-14-018,Plastics,Plastic failure lessons learned,"Analytical or empirical control using plastic failure lessons learned methodologies to verify design limits, ensure structural/functional integrity, and prevent premature failure during product lifecycle.",P,"Material Grain Flow, Porosity Level, Micro-hardness & Wall Thickness","Ensure proper polymer flow, uniform shrinkage, creep resistance, and environmental durability.",Failure to satisfy plastic failure lessons learned criteria leading to functional degradation or field performance issues.,3,N/A
CTL-15-001,Rubber / Elastomers,Elastomer material selection,"Analytical or empirical control using elastomer material selection methodologies to verify design limits, ensure structural/functional integrity, and prevent premature failure during product lifecycle.",P,"Geometry, Structural Stress, Thermal Limit & Assembly Tolerances","Ensure proper polymer flow, uniform shrinkage, creep resistance, and environmental durability.",Failure to satisfy elastomer material selection criteria leading to functional degradation or field performance issues.,3,N/A
CTL-15-002,Rubber / Elastomers,Hardness specification,"Analytical or empirical control using hardness specification methodologies to verify design limits, ensure structural/functional integrity, and prevent premature failure during product lifecycle.",P,"Geometry, Structural Stress, Thermal Limit & Assembly Tolerances","Ensure proper polymer flow, uniform shrinkage, creep resistance, and environmental durability.",Failure to satisfy hardness specification criteria leading to functional degradation or field performance issues.,3,N/A
CTL-15-003,Rubber / Elastomers,Compression-set analysis,"Analytical or empirical control using compression-set analysis methodologies to verify design limits, ensure structural/functional integrity, and prevent premature failure during product lifecycle.",P,"Geometry, Structural Stress, Thermal Limit & Assembly Tolerances","Ensure proper polymer flow, uniform shrinkage, creep resistance, and environmental durability.",Failure to satisfy compression-set analysis criteria leading to functional degradation or field performance issues.,3,N/A
CTL-15-004,Rubber / Elastomers,Tensile-property verification,"Analytical or empirical control using tensile-property verification methodologies to verify design limits, ensure structural/functional integrity, and prevent premature failure during product lifecycle.",D,"Geometry, Structural Stress, Thermal Limit & Assembly Tolerances","Ensure proper polymer flow, uniform shrinkage, creep resistance, and environmental durability.",Failure to satisfy tensile-property verification criteria leading to functional degradation or field performance issues.,N/A,3
CTL-15-005,Rubber / Elastomers,Tear-strength verification,"Analytical or empirical control using tear-strength verification methodologies to verify design limits, ensure structural/functional integrity, and prevent premature failure during product lifecycle.",D,"Yield Strength, Fatigue Limit & Stress Concentration (Von Mises)","Ensure proper polymer flow, uniform shrinkage, creep resistance, and environmental durability.",Failure to satisfy tear-strength verification criteria leading to functional degradation or field performance issues.,N/A,3
CTL-15-006,Rubber / Elastomers,Creep analysis,"Analytical or empirical control using creep analysis methodologies to verify design limits, ensure structural/functional integrity, and prevent premature failure during product lifecycle.",P,"Geometry, Structural Stress, Thermal Limit & Assembly Tolerances","Ensure proper polymer flow, uniform shrinkage, creep resistance, and environmental durability.",Failure to satisfy creep analysis criteria leading to functional degradation or field performance issues.,3,N/A
CTL-15-007,Rubber / Elastomers,Stress-relaxation analysis,"Analytical or empirical control using stress-relaxation analysis methodologies to verify design limits, ensure structural/functional integrity, and prevent premature failure during product lifecycle.",P,"Yield Strength, Fatigue Limit & Stress Concentration (Von Mises)","Ensure proper polymer flow, uniform shrinkage, creep resistance, and environmental durability.","Plastic deformation, permanent yielding, or physical structural fracture under load.",3,N/A
CTL-15-008,Rubber / Elastomers,Temperature compatibility,"Analytical or empirical control using temperature compatibility methodologies to verify design limits, ensure structural/functional integrity, and prevent premature failure during product lifecycle.",P,"Operating Temperature, Thermal Gradient & Heat Dissipation Rate","Ensure proper polymer flow, uniform shrinkage, creep resistance, and environmental durability.","Overheating, thermal expansion mismatch, thermal fatigue cracking, or fluid breakdown.",3,N/A
CTL-15-009,Rubber / Elastomers,Fluid compatibility,"Analytical or empirical control using fluid compatibility methodologies to verify design limits, ensure structural/functional integrity, and prevent premature failure during product lifecycle.",P,"Geometry, Structural Stress, Thermal Limit & Assembly Tolerances","Ensure proper polymer flow, uniform shrinkage, creep resistance, and environmental durability.",Failure to satisfy fluid compatibility criteria leading to functional degradation or field performance issues.,3,N/A
CTL-15-010,Rubber / Elastomers,Ozone resistance,"Analytical or empirical control using ozone resistance methodologies to verify design limits, ensure structural/functional integrity, and prevent premature failure during product lifecycle.",P,"Geometry, Structural Stress, Thermal Limit & Assembly Tolerances","Ensure proper polymer flow, uniform shrinkage, creep resistance, and environmental durability.",Failure to satisfy ozone resistance criteria leading to functional degradation or field performance issues.,3,N/A
CTL-15-011,Rubber / Elastomers,Aging analysis,"Analytical or empirical control using aging analysis methodologies to verify design limits, ensure structural/functional integrity, and prevent premature failure during product lifecycle.",P,"Geometry, Structural Stress, Thermal Limit & Assembly Tolerances","Ensure proper polymer flow, uniform shrinkage, creep resistance, and environmental durability.",Failure to satisfy aging analysis criteria leading to functional degradation or field performance issues.,3,N/A
CTL-15-012,Rubber / Elastomers,Dynamic fatigue,"Analytical or empirical control using dynamic fatigue methodologies to verify design limits, ensure structural/functional integrity, and prevent premature failure during product lifecycle.",P,"Yield Strength, Fatigue Limit & Stress Concentration (Von Mises)","Ensure proper polymer flow, uniform shrinkage, creep resistance, and environmental durability.",High-cycle fatigue crack initiation and catastrophic fracture prior to design life.,3,N/A
CTL-15-013,Rubber / Elastomers,Rubber-metal bonding review,"Analytical or empirical control using rubber-metal bonding review methodologies to verify design limits, ensure structural/functional integrity, and prevent premature failure during product lifecycle.",P,"Design Rule Compliance, Process Capability Index (Cpk) & Risk Priority Number","Ensure proper polymer flow, uniform shrinkage, creep resistance, and environmental durability.",Failure to satisfy rubber-metal bonding review criteria leading to functional degradation or field performance issues.,3,N/A
CTL-15-014,Rubber / Elastomers,Elastomer deformation analysis,"Analytical or empirical control using elastomer deformation analysis methodologies to verify design limits, ensure structural/functional integrity, and prevent premature failure during product lifecycle.",P,"Geometry, Structural Stress, Thermal Limit & Assembly Tolerances","Ensure proper polymer flow, uniform shrinkage, creep resistance, and environmental durability.",Failure to satisfy elastomer deformation analysis criteria leading to functional degradation or field performance issues.,3,N/A
CTL-15-015,Rubber / Elastomers,Rubber durability testing,"Analytical or empirical control using rubber durability testing methodologies to verify design limits, ensure structural/functional integrity, and prevent premature failure during product lifecycle.",D,"Geometry, Structural Stress, Thermal Limit & Assembly Tolerances","Ensure proper polymer flow, uniform shrinkage, creep resistance, and environmental durability.",Failure to satisfy rubber durability testing criteria leading to functional degradation or field performance issues.,N/A,3
CTL-16-001,Fasteners,Bolt selection,"Analytical or empirical control using bolt selection methodologies to verify design limits, ensure structural/functional integrity, and prevent premature failure during product lifecycle.",P,"Preload Clamp Force, Thread Engagement Length & Tightening Torque",Maintain adequate joint clamp force under dynamic vibration without bolt loosening or thread stripping.,"Joint separation, bolt self-loosening under vibration, or thread stripping.",3,N/A
CTL-16-002,Fasteners,Bolt preload calculation,"Analytical or empirical control using bolt preload calculation methodologies to verify design limits, ensure structural/functional integrity, and prevent premature failure during product lifecycle.",P,"Yield Strength, Fatigue Limit & Stress Concentration (Von Mises)",Maintain adequate joint clamp force under dynamic vibration without bolt loosening or thread stripping.,"Joint separation, bolt self-loosening under vibration, or thread stripping.",3,N/A
CTL-16-003,Fasteners,Joint stiffness calculation,"Analytical or empirical control using joint stiffness calculation methodologies to verify design limits, ensure structural/functional integrity, and prevent premature failure during product lifecycle.",P,"Geometry, Structural Stress, Thermal Limit & Assembly Tolerances",Maintain adequate joint clamp force under dynamic vibration without bolt loosening or thread stripping.,Failure to satisfy joint stiffness calculation criteria leading to functional degradation or field performance issues.,3,N/A
CTL-16-004,Fasteners,Joint separation calculation,"Analytical or empirical control using joint separation calculation methodologies to verify design limits, ensure structural/functional integrity, and prevent premature failure during product lifecycle.",P,"Geometry, Structural Stress, Thermal Limit & Assembly Tolerances",Maintain adequate joint clamp force under dynamic vibration without bolt loosening or thread stripping.,Failure to satisfy joint separation calculation criteria leading to functional degradation or field performance issues.,3,N/A
CTL-16-005,Fasteners,Clamp-load calculation,"Analytical or empirical control using clamp-load calculation methodologies to verify design limits, ensure structural/functional integrity, and prevent premature failure during product lifecycle.",P,"Yield Strength, Fatigue Limit & Stress Concentration (Von Mises)",Maintain adequate joint clamp force under dynamic vibration without bolt loosening or thread stripping.,Failure to satisfy clamp-load calculation criteria leading to functional degradation or field performance issues.,3,N/A
CTL-16-006,Fasteners,Torque specification,"Analytical or empirical control using torque specification methodologies to verify design limits, ensure structural/functional integrity, and prevent premature failure during product lifecycle.",P,"Preload Clamp Force, Thread Engagement Length & Tightening Torque",Maintain adequate joint clamp force under dynamic vibration without bolt loosening or thread stripping.,"Joint separation, bolt self-loosening under vibration, or thread stripping.",3,N/A
CTL-16-007,Fasteners,Torque-angle specification,"Analytical or empirical control using torque-angle specification methodologies to verify design limits, ensure structural/functional integrity, and prevent premature failure during product lifecycle.",P,"Preload Clamp Force, Thread Engagement Length & Tightening Torque",Maintain adequate joint clamp force under dynamic vibration without bolt loosening or thread stripping.,"Joint separation, bolt self-loosening under vibration, or thread stripping.",3,N/A
CTL-16-008,Fasteners,Thread engagement calculation,"Analytical or empirical control using thread engagement calculation methodologies to verify design limits, ensure structural/functional integrity, and prevent premature failure during product lifecycle.",P,"Geometry, Structural Stress, Thermal Limit & Assembly Tolerances",Maintain adequate joint clamp force under dynamic vibration without bolt loosening or thread stripping.,Failure to satisfy thread engagement calculation criteria leading to functional degradation or field performance issues.,3,N/A
CTL-16-009,Fasteners,Thread stripping calculation,"Analytical or empirical control using thread stripping calculation methodologies to verify design limits, ensure structural/functional integrity, and prevent premature failure during product lifecycle.",P,"Geometry, Structural Stress, Thermal Limit & Assembly Tolerances",Maintain adequate joint clamp force under dynamic vibration without bolt loosening or thread stripping.,Failure to satisfy thread stripping calculation criteria leading to functional degradation or field performance issues.,3,N/A
CTL-16-010,Fasteners,Bolt fatigue calculation,"Analytical or empirical control using bolt fatigue calculation methodologies to verify design limits, ensure structural/functional integrity, and prevent premature failure during product lifecycle.",P,"Yield Strength, Fatigue Limit & Stress Concentration (Von Mises)",Maintain adequate joint clamp force under dynamic vibration without bolt loosening or thread stripping.,High-cycle fatigue crack initiation and catastrophic fracture prior to design life.,3,N/A
CTL-16-011,Fasteners,Fastener corrosion review,"Analytical or empirical control using fastener corrosion review methodologies to verify design limits, ensure structural/functional integrity, and prevent premature failure during product lifecycle.",P,"Coating Thickness (µm), Salt Spray Hours & Galvanic Potential Difference",Maintain adequate joint clamp force under dynamic vibration without bolt loosening or thread stripping.,"Surface rusting, pitting corrosion, galvanic degradation, or cosmetic finish breakdown.",3,N/A
CTL-16-012,Fasteners,Locking-method selection,"Analytical or empirical control using locking-method selection methodologies to verify design limits, ensure structural/functional integrity, and prevent premature failure during product lifecycle.",P,"Geometry, Structural Stress, Thermal Limit & Assembly Tolerances",Maintain adequate joint clamp force under dynamic vibration without bolt loosening or thread stripping.,Failure to satisfy locking-method selection criteria leading to functional degradation or field performance issues.,3,N/A
CTL-16-013,Fasteners,Loosening analysis,"Analytical or empirical control using loosening analysis methodologies to verify design limits, ensure structural/functional integrity, and prevent premature failure during product lifecycle.",P,"Geometry, Structural Stress, Thermal Limit & Assembly Tolerances",Maintain adequate joint clamp force under dynamic vibration without bolt loosening or thread stripping.,"Joint separation, bolt self-loosening under vibration, or thread stripping.",3,N/A
CTL-16-014,Fasteners,Prevailing-torque verification,"Analytical or empirical control using prevailing-torque verification methodologies to verify design limits, ensure structural/functional integrity, and prevent premature failure during product lifecycle.",D,"Preload Clamp Force, Thread Engagement Length & Tightening Torque",Maintain adequate joint clamp force under dynamic vibration without bolt loosening or thread stripping.,"Joint separation, bolt self-loosening under vibration, or thread stripping.",N/A,3
CTL-16-015,Fasteners,Fastener validation,"Analytical or empirical control using fastener validation methodologies to verify design limits, ensure structural/functional integrity, and prevent premature failure during product lifecycle.",D,"Preload Clamp Force, Thread Engagement Length & Tightening Torque",Maintain adequate joint clamp force under dynamic vibration without bolt loosening or thread stripping.,Failure to satisfy fastener validation criteria leading to functional degradation or field performance issues.,N/A,3
CTL-16-016,Fasteners,Fastener lessons learned,"Analytical or empirical control using fastener lessons learned methodologies to verify design limits, ensure structural/functional integrity, and prevent premature failure during product lifecycle.",P,"Preload Clamp Force, Thread Engagement Length & Tightening Torque",Maintain adequate joint clamp force under dynamic vibration without bolt loosening or thread stripping.,Failure to satisfy fastener lessons learned criteria leading to functional degradation or field performance issues.,3,N/A
CTL-17-001,Bearings / Gears / Shafts,Bearing life calculation,"Analytical or empirical control using bearing life calculation methodologies to verify design limits, ensure structural/functional integrity, and prevent premature failure during product lifecycle.",P,"Mean Time Between Failures (MTBF), Weibull Beta/Eta & Warranty Return Rate","Ensure low-friction rotation, contact stress resistance, and target bearing/gear L10 life.","Gear tooth spalling, micropitting, bearing raceway fatigue, or shaft torsional whip.",3,N/A
CTL-17-002,Bearings / Gears / Shafts,Bearing load calculation,"Analytical or empirical control using bearing load calculation methodologies to verify design limits, ensure structural/functional integrity, and prevent premature failure during product lifecycle.",P,"Yield Strength, Fatigue Limit & Stress Concentration (Von Mises)","Ensure low-friction rotation, contact stress resistance, and target bearing/gear L10 life.","Gear tooth spalling, micropitting, bearing raceway fatigue, or shaft torsional whip.",3,N/A
CTL-17-003,Bearings / Gears / Shafts,Bearing static capacity,"Analytical or empirical control using bearing static capacity methodologies to verify design limits, ensure structural/functional integrity, and prevent premature failure during product lifecycle.",P,"Geometry, Structural Stress, Thermal Limit & Assembly Tolerances","Ensure low-friction rotation, contact stress resistance, and target bearing/gear L10 life.","Gear tooth spalling, micropitting, bearing raceway fatigue, or shaft torsional whip.",3,N/A
CTL-17-004,Bearings / Gears / Shafts,Bearing dynamic capacity,"Analytical or empirical control using bearing dynamic capacity methodologies to verify design limits, ensure structural/functional integrity, and prevent premature failure during product lifecycle.",P,"Geometry, Structural Stress, Thermal Limit & Assembly Tolerances","Ensure low-friction rotation, contact stress resistance, and target bearing/gear L10 life.","Gear tooth spalling, micropitting, bearing raceway fatigue, or shaft torsional whip.",3,N/A
CTL-17-005,Bearings / Gears / Shafts,Bearing lubrication analysis,"Analytical or empirical control using bearing lubrication analysis methodologies to verify design limits, ensure structural/functional integrity, and prevent premature failure during product lifecycle.",P,"Geometry, Structural Stress, Thermal Limit & Assembly Tolerances","Ensure low-friction rotation, contact stress resistance, and target bearing/gear L10 life.","Gear tooth spalling, micropitting, bearing raceway fatigue, or shaft torsional whip.",3,N/A
CTL-17-006,Bearings / Gears / Shafts,Bearing temperature analysis,"Analytical or empirical control using bearing temperature analysis methodologies to verify design limits, ensure structural/functional integrity, and prevent premature failure during product lifecycle.",P,"Operating Temperature, Thermal Gradient & Heat Dissipation Rate","Ensure low-friction rotation, contact stress resistance, and target bearing/gear L10 life.","Overheating, thermal expansion mismatch, thermal fatigue cracking, or fluid breakdown.",3,N/A
CTL-17-007,Bearings / Gears / Shafts,Gear tooth stress,"Analytical or empirical control using gear tooth stress methodologies to verify design limits, ensure structural/functional integrity, and prevent premature failure during product lifecycle.",P,"Yield Strength, Fatigue Limit & Stress Concentration (Von Mises)","Ensure low-friction rotation, contact stress resistance, and target bearing/gear L10 life.","Plastic deformation, permanent yielding, or physical structural fracture under load.",3,N/A
CTL-17-008,Bearings / Gears / Shafts,Gear bending stress,"Analytical or empirical control using gear bending stress methodologies to verify design limits, ensure structural/functional integrity, and prevent premature failure during product lifecycle.",P,"Yield Strength, Fatigue Limit & Stress Concentration (Von Mises)","Ensure low-friction rotation, contact stress resistance, and target bearing/gear L10 life.","Plastic deformation, permanent yielding, or physical structural fracture under load.",3,N/A
CTL-17-009,Bearings / Gears / Shafts,Gear contact stress,"Analytical or empirical control using gear contact stress methodologies to verify design limits, ensure structural/functional integrity, and prevent premature failure during product lifecycle.",P,"Yield Strength, Fatigue Limit & Stress Concentration (Von Mises)","Ensure low-friction rotation, contact stress resistance, and target bearing/gear L10 life.","Plastic deformation, permanent yielding, or physical structural fracture under load.",3,N/A
CTL-17-010,Bearings / Gears / Shafts,Gear wear analysis,"Analytical or empirical control using gear wear analysis methodologies to verify design limits, ensure structural/functional integrity, and prevent premature failure during product lifecycle.",P,"Geometry, Structural Stress, Thermal Limit & Assembly Tolerances","Ensure low-friction rotation, contact stress resistance, and target bearing/gear L10 life.","Gear tooth spalling, micropitting, bearing raceway fatigue, or shaft torsional whip.",3,N/A
CTL-17-011,Bearings / Gears / Shafts,Gear micropitting analysis,"Analytical or empirical control using gear micropitting analysis methodologies to verify design limits, ensure structural/functional integrity, and prevent premature failure during product lifecycle.",P,"Geometry, Structural Stress, Thermal Limit & Assembly Tolerances","Ensure low-friction rotation, contact stress resistance, and target bearing/gear L10 life.","Gear tooth spalling, micropitting, bearing raceway fatigue, or shaft torsional whip.",3,N/A
CTL-17-012,Bearings / Gears / Shafts,Gear fatigue,"Analytical or empirical control using gear fatigue methodologies to verify design limits, ensure structural/functional integrity, and prevent premature failure during product lifecycle.",P,"Yield Strength, Fatigue Limit & Stress Concentration (Von Mises)","Ensure low-friction rotation, contact stress resistance, and target bearing/gear L10 life.",High-cycle fatigue crack initiation and catastrophic fracture prior to design life.,3,N/A
CTL-17-013,Bearings / Gears / Shafts,Gear noise analysis,"Analytical or empirical control using gear noise analysis methodologies to verify design limits, ensure structural/functional integrity, and prevent premature failure during product lifecycle.",P,"Geometry, Structural Stress, Thermal Limit & Assembly Tolerances","Ensure low-friction rotation, contact stress resistance, and target bearing/gear L10 life.","Excessive NVH, resonant vibration fatigue, customer noise complaints, or component loosening.",3,N/A
CTL-17-014,Bearings / Gears / Shafts,Shaft bending,"Analytical or empirical control using shaft bending methodologies to verify design limits, ensure structural/functional integrity, and prevent premature failure during product lifecycle.",P,"Geometry, Structural Stress, Thermal Limit & Assembly Tolerances","Ensure low-friction rotation, contact stress resistance, and target bearing/gear L10 life.","Plastic deformation, permanent yielding, or physical structural fracture under load.",3,N/A
CTL-17-015,Bearings / Gears / Shafts,Shaft torsion,"Analytical or empirical control using shaft torsion methodologies to verify design limits, ensure structural/functional integrity, and prevent premature failure during product lifecycle.",P,"Geometry, Structural Stress, Thermal Limit & Assembly Tolerances","Ensure low-friction rotation, contact stress resistance, and target bearing/gear L10 life.","Gear tooth spalling, micropitting, bearing raceway fatigue, or shaft torsional whip.",3,N/A
CTL-17-016,Bearings / Gears / Shafts,Shaft fatigue,"Analytical or empirical control using shaft fatigue methodologies to verify design limits, ensure structural/functional integrity, and prevent premature failure during product lifecycle.",P,"Yield Strength, Fatigue Limit & Stress Concentration (Von Mises)","Ensure low-friction rotation, contact stress resistance, and target bearing/gear L10 life.",High-cycle fatigue crack initiation and catastrophic fracture prior to design life.,3,N/A
CTL-17-017,Bearings / Gears / Shafts,Shaft critical-speed analysis,"Analytical or empirical control using shaft critical-speed analysis methodologies to verify design limits, ensure structural/functional integrity, and prevent premature failure during product lifecycle.",P,"Geometry, Structural Stress, Thermal Limit & Assembly Tolerances","Ensure low-friction rotation, contact stress resistance, and target bearing/gear L10 life.","Gear tooth spalling, micropitting, bearing raceway fatigue, or shaft torsional whip.",3,N/A
CTL-17-018,Bearings / Gears / Shafts,Shaft balancing,"Analytical or empirical control using shaft balancing methodologies to verify design limits, ensure structural/functional integrity, and prevent premature failure during product lifecycle.",P,"Geometry, Structural Stress, Thermal Limit & Assembly Tolerances","Ensure low-friction rotation, contact stress resistance, and target bearing/gear L10 life.","Gear tooth spalling, micropitting, bearing raceway fatigue, or shaft torsional whip.",3,N/A
CTL-17-019,Bearings / Gears / Shafts,Gear/bearing durability test,"Analytical or empirical control using gear/bearing durability test methodologies to verify design limits, ensure structural/functional integrity, and prevent premature failure during product lifecycle.",D,"Geometry, Structural Stress, Thermal Limit & Assembly Tolerances","Ensure low-friction rotation, contact stress resistance, and target bearing/gear L10 life.","Gear tooth spalling, micropitting, bearing raceway fatigue, or shaft torsional whip.",N/A,3
CTL-18-001,Electrical / Electronics,Electrical load calculation,"Analytical or empirical control using electrical load calculation methodologies to verify design limits, ensure structural/functional integrity, and prevent premature failure during product lifecycle.",P,"Yield Strength, Fatigue Limit & Stress Concentration (Von Mises)","Guarantee stable electrical power delivery, signal accuracy, EMC compliance, and fault diagnostic coverage.",Failure to satisfy electrical load calculation criteria leading to functional degradation or field performance issues.,3,N/A
CTL-18-002,Electrical / Electronics,Voltage-drop calculation,"Analytical or empirical control using voltage-drop calculation methodologies to verify design limits, ensure structural/functional integrity, and prevent premature failure during product lifecycle.",P,"Geometry, Structural Stress, Thermal Limit & Assembly Tolerances","Guarantee stable electrical power delivery, signal accuracy, EMC compliance, and fault diagnostic coverage.","Electrical short-circuit, over-temperature wire melting, EMC interference, or signal corruption.",3,N/A
CTL-18-003,Electrical / Electronics,Current calculation,"Analytical or empirical control using current calculation methodologies to verify design limits, ensure structural/functional integrity, and prevent premature failure during product lifecycle.",P,"Geometry, Structural Stress, Thermal Limit & Assembly Tolerances","Guarantee stable electrical power delivery, signal accuracy, EMC compliance, and fault diagnostic coverage.",Failure to satisfy current calculation criteria leading to functional degradation or field performance issues.,3,N/A
CTL-18-004,Electrical / Electronics,Power-consumption calculation,"Analytical or empirical control using power-consumption calculation methodologies to verify design limits, ensure structural/functional integrity, and prevent premature failure during product lifecycle.",P,"Geometry, Structural Stress, Thermal Limit & Assembly Tolerances","Guarantee stable electrical power delivery, signal accuracy, EMC compliance, and fault diagnostic coverage.",Failure to satisfy power-consumption calculation criteria leading to functional degradation or field performance issues.,3,N/A
CTL-18-005,Electrical / Electronics,Wire-sizing calculation,"Analytical or empirical control using wire-sizing calculation methodologies to verify design limits, ensure structural/functional integrity, and prevent premature failure during product lifecycle.",P,"Voltage Drop, Current Derating Ratio, Signal Accuracy & ESD Resistance","Guarantee stable electrical power delivery, signal accuracy, EMC compliance, and fault diagnostic coverage.",Failure to satisfy wire-sizing calculation criteria leading to functional degradation or field performance issues.,3,N/A
CTL-18-006,Electrical / Electronics,Fuse/protection calculation,"Analytical or empirical control using fuse/protection calculation methodologies to verify design limits, ensure structural/functional integrity, and prevent premature failure during product lifecycle.",P,"Geometry, Structural Stress, Thermal Limit & Assembly Tolerances","Guarantee stable electrical power delivery, signal accuracy, EMC compliance, and fault diagnostic coverage.",Failure to satisfy fuse/protection calculation criteria leading to functional degradation or field performance issues.,3,N/A
CTL-18-007,Electrical / Electronics,Component derating,"Analytical or empirical control using component derating methodologies to verify design limits, ensure structural/functional integrity, and prevent premature failure during product lifecycle.",P,"Geometry, Structural Stress, Thermal Limit & Assembly Tolerances","Guarantee stable electrical power delivery, signal accuracy, EMC compliance, and fault diagnostic coverage.",Failure to satisfy component derating criteria leading to functional degradation or field performance issues.,3,N/A
CTL-18-008,Electrical / Electronics,PCB thermal analysis,"Analytical or empirical control using pcb thermal analysis methodologies to verify design limits, ensure structural/functional integrity, and prevent premature failure during product lifecycle.",P,"Operating Temperature, Thermal Gradient & Heat Dissipation Rate","Guarantee stable electrical power delivery, signal accuracy, EMC compliance, and fault diagnostic coverage.","Overheating, thermal expansion mismatch, thermal fatigue cracking, or fluid breakdown.",3,N/A
CTL-18-009,Electrical / Electronics,PCB layout review,"Analytical or empirical control using pcb layout review methodologies to verify design limits, ensure structural/functional integrity, and prevent premature failure during product lifecycle.",P,"Voltage Drop, Current Derating Ratio, Signal Accuracy & ESD Resistance","Guarantee stable electrical power delivery, signal accuracy, EMC compliance, and fault diagnostic coverage.",Failure to satisfy pcb layout review criteria leading to functional degradation or field performance issues.,3,N/A
CTL-18-010,Electrical / Electronics,Schematic review,"Analytical or empirical control using schematic review methodologies to verify design limits, ensure structural/functional integrity, and prevent premature failure during product lifecycle.",P,"Design Rule Compliance, Process Capability Index (Cpk) & Risk Priority Number","Guarantee stable electrical power delivery, signal accuracy, EMC compliance, and fault diagnostic coverage.",Failure to satisfy schematic review criteria leading to functional degradation or field performance issues.,3,N/A
CTL-18-011,Electrical / Electronics,Grounding review,"Analytical or empirical control using grounding review methodologies to verify design limits, ensure structural/functional integrity, and prevent premature failure during product lifecycle.",P,"Design Rule Compliance, Process Capability Index (Cpk) & Risk Priority Number","Guarantee stable electrical power delivery, signal accuracy, EMC compliance, and fault diagnostic coverage.",Failure to satisfy grounding review criteria leading to functional degradation or field performance issues.,3,N/A
CTL-18-012,Electrical / Electronics,EMC design review,"Analytical or empirical control using emc design review methodologies to verify design limits, ensure structural/functional integrity, and prevent premature failure during product lifecycle.",P,"Design Rule Compliance, Process Capability Index (Cpk) & Risk Priority Number","Guarantee stable electrical power delivery, signal accuracy, EMC compliance, and fault diagnostic coverage.","Electrical short-circuit, over-temperature wire melting, EMC interference, or signal corruption.",3,N/A
CTL-18-013,Electrical / Electronics,ESD design review,"Analytical or empirical control using esd design review methodologies to verify design limits, ensure structural/functional integrity, and prevent premature failure during product lifecycle.",P,"Design Rule Compliance, Process Capability Index (Cpk) & Risk Priority Number","Guarantee stable electrical power delivery, signal accuracy, EMC compliance, and fault diagnostic coverage.",Failure to satisfy esd design review criteria leading to functional degradation or field performance issues.,3,N/A
CTL-18-014,Electrical / Electronics,Electrical isolation review,"Analytical or empirical control using electrical isolation review methodologies to verify design limits, ensure structural/functional integrity, and prevent premature failure during product lifecycle.",P,"Voltage Drop, Current Derating Ratio, Signal Accuracy & ESD Resistance","Guarantee stable electrical power delivery, signal accuracy, EMC compliance, and fault diagnostic coverage.",Failure to satisfy electrical isolation review criteria leading to functional degradation or field performance issues.,3,N/A
CTL-18-015,Electrical / Electronics,Short-circuit analysis,"Analytical or empirical control using short-circuit analysis methodologies to verify design limits, ensure structural/functional integrity, and prevent premature failure during product lifecycle.",P,"Geometry, Structural Stress, Thermal Limit & Assembly Tolerances","Guarantee stable electrical power delivery, signal accuracy, EMC compliance, and fault diagnostic coverage.","Electrical short-circuit, over-temperature wire melting, EMC interference, or signal corruption.",3,N/A
CTL-18-016,Electrical / Electronics,Reverse-polarity analysis,"Analytical or empirical control using reverse-polarity analysis methodologies to verify design limits, ensure structural/functional integrity, and prevent premature failure during product lifecycle.",P,"Geometry, Structural Stress, Thermal Limit & Assembly Tolerances","Guarantee stable electrical power delivery, signal accuracy, EMC compliance, and fault diagnostic coverage.",Failure to satisfy reverse-polarity analysis criteria leading to functional degradation or field performance issues.,3,N/A
CTL-18-017,Electrical / Electronics,Overvoltage analysis,"Analytical or empirical control using overvoltage analysis methodologies to verify design limits, ensure structural/functional integrity, and prevent premature failure during product lifecycle.",P,"Geometry, Structural Stress, Thermal Limit & Assembly Tolerances","Guarantee stable electrical power delivery, signal accuracy, EMC compliance, and fault diagnostic coverage.","Electrical short-circuit, over-temperature wire melting, EMC interference, or signal corruption.",3,N/A
CTL-18-018,Electrical / Electronics,Undervoltage analysis,"Analytical or empirical control using undervoltage analysis methodologies to verify design limits, ensure structural/functional integrity, and prevent premature failure during product lifecycle.",P,"Geometry, Structural Stress, Thermal Limit & Assembly Tolerances","Guarantee stable electrical power delivery, signal accuracy, EMC compliance, and fault diagnostic coverage.","Electrical short-circuit, over-temperature wire melting, EMC interference, or signal corruption.",3,N/A
CTL-18-019,Electrical / Electronics,Electrical environmental qualification,"Analytical or empirical control using electrical environmental qualification methodologies to verify design limits, ensure structural/functional integrity, and prevent premature failure during product lifecycle.",P,"Voltage Drop, Current Derating Ratio, Signal Accuracy & ESD Resistance","Guarantee stable electrical power delivery, signal accuracy, EMC compliance, and fault diagnostic coverage.",Failure to satisfy electrical environmental qualification criteria leading to functional degradation or field performance issues.,3,N/A
CTL-18-020,Electrical / Electronics,EMC validation,"Analytical or empirical control using emc validation methodologies to verify design limits, ensure structural/functional integrity, and prevent premature failure during product lifecycle.",D,"Geometry, Structural Stress, Thermal Limit & Assembly Tolerances","Guarantee stable electrical power delivery, signal accuracy, EMC compliance, and fault diagnostic coverage.","Electrical short-circuit, over-temperature wire melting, EMC interference, or signal corruption.",N/A,3
CTL-19-001,Sensors / Actuators,Sensor selection,"Analytical or empirical control using sensor selection methodologies to verify design limits, ensure structural/functional integrity, and prevent premature failure during product lifecycle.",P,"Voltage Drop, Current Derating Ratio, Signal Accuracy & ESD Resistance","Guarantee stable electrical power delivery, signal accuracy, EMC compliance, and fault diagnostic coverage.",Failure to satisfy sensor selection criteria leading to functional degradation or field performance issues.,3,N/A
CTL-19-002,Sensors / Actuators,Sensor operating-range verification,"Analytical or empirical control using sensor operating-range verification methodologies to verify design limits, ensure structural/functional integrity, and prevent premature failure during product lifecycle.",D,"Voltage Drop, Current Derating Ratio, Signal Accuracy & ESD Resistance","Guarantee stable electrical power delivery, signal accuracy, EMC compliance, and fault diagnostic coverage.",Failure to satisfy sensor operating-range verification criteria leading to functional degradation or field performance issues.,N/A,3
CTL-19-003,Sensors / Actuators,Sensor accuracy analysis,"Analytical or empirical control using sensor accuracy analysis methodologies to verify design limits, ensure structural/functional integrity, and prevent premature failure during product lifecycle.",P,"Voltage Drop, Current Derating Ratio, Signal Accuracy & ESD Resistance","Guarantee stable electrical power delivery, signal accuracy, EMC compliance, and fault diagnostic coverage.",Failure to satisfy sensor accuracy analysis criteria leading to functional degradation or field performance issues.,3,N/A
CTL-19-004,Sensors / Actuators,Sensor resolution analysis,"Analytical or empirical control using sensor resolution analysis methodologies to verify design limits, ensure structural/functional integrity, and prevent premature failure during product lifecycle.",P,"Voltage Drop, Current Derating Ratio, Signal Accuracy & ESD Resistance","Guarantee stable electrical power delivery, signal accuracy, EMC compliance, and fault diagnostic coverage.",Failure to satisfy sensor resolution analysis criteria leading to functional degradation or field performance issues.,3,N/A
CTL-19-005,Sensors / Actuators,Sensor repeatability,"Analytical or empirical control using sensor repeatability methodologies to verify design limits, ensure structural/functional integrity, and prevent premature failure during product lifecycle.",P,"Voltage Drop, Current Derating Ratio, Signal Accuracy & ESD Resistance","Guarantee stable electrical power delivery, signal accuracy, EMC compliance, and fault diagnostic coverage.",Failure to satisfy sensor repeatability criteria leading to functional degradation or field performance issues.,3,N/A
CTL-19-006,Sensors / Actuators,Sensor response-time analysis,"Analytical or empirical control using sensor response-time analysis methodologies to verify design limits, ensure structural/functional integrity, and prevent premature failure during product lifecycle.",P,"Voltage Drop, Current Derating Ratio, Signal Accuracy & ESD Resistance","Guarantee stable electrical power delivery, signal accuracy, EMC compliance, and fault diagnostic coverage.",Failure to satisfy sensor response-time analysis criteria leading to functional degradation or field performance issues.,3,N/A
CTL-19-007,Sensors / Actuators,Sensor drift analysis,"Analytical or empirical control using sensor drift analysis methodologies to verify design limits, ensure structural/functional integrity, and prevent premature failure during product lifecycle.",P,"Voltage Drop, Current Derating Ratio, Signal Accuracy & ESD Resistance","Guarantee stable electrical power delivery, signal accuracy, EMC compliance, and fault diagnostic coverage.",Failure to satisfy sensor drift analysis criteria leading to functional degradation or field performance issues.,3,N/A
CTL-19-008,Sensors / Actuators,Sensor diagnostic coverage,"Analytical or empirical control using sensor diagnostic coverage methodologies to verify design limits, ensure structural/functional integrity, and prevent premature failure during product lifecycle.",P,"Voltage Drop, Current Derating Ratio, Signal Accuracy & ESD Resistance","Guarantee stable electrical power delivery, signal accuracy, EMC compliance, and fault diagnostic coverage.",Failure to satisfy sensor diagnostic coverage criteria leading to functional degradation or field performance issues.,3,N/A
CTL-19-009,Sensors / Actuators,Sensor plausibility check,"Analytical or empirical control using sensor plausibility check methodologies to verify design limits, ensure structural/functional integrity, and prevent premature failure during product lifecycle.",D,"Voltage Drop, Current Derating Ratio, Signal Accuracy & ESD Resistance","Guarantee stable electrical power delivery, signal accuracy, EMC compliance, and fault diagnostic coverage.",Failure to satisfy sensor plausibility check criteria leading to functional degradation or field performance issues.,N/A,3
CTL-19-010,Sensors / Actuators,Redundancy analysis,"Analytical or empirical control using redundancy analysis methodologies to verify design limits, ensure structural/functional integrity, and prevent premature failure during product lifecycle.",P,"Geometry, Structural Stress, Thermal Limit & Assembly Tolerances","Guarantee stable electrical power delivery, signal accuracy, EMC compliance, and fault diagnostic coverage.",Failure to satisfy redundancy analysis criteria leading to functional degradation or field performance issues.,3,N/A
CTL-19-011,Sensors / Actuators,Actuator force calculation,"Analytical or empirical control using actuator force calculation methodologies to verify design limits, ensure structural/functional integrity, and prevent premature failure during product lifecycle.",P,"Voltage Drop, Current Derating Ratio, Signal Accuracy & ESD Resistance","Guarantee stable electrical power delivery, signal accuracy, EMC compliance, and fault diagnostic coverage.",Failure to satisfy actuator force calculation criteria leading to functional degradation or field performance issues.,3,N/A
CTL-19-012,Sensors / Actuators,Actuator torque calculation,"Analytical or empirical control using actuator torque calculation methodologies to verify design limits, ensure structural/functional integrity, and prevent premature failure during product lifecycle.",P,"Preload Clamp Force, Thread Engagement Length & Tightening Torque","Guarantee stable electrical power delivery, signal accuracy, EMC compliance, and fault diagnostic coverage.","Joint separation, bolt self-loosening under vibration, or thread stripping.",3,N/A
CTL-19-013,Sensors / Actuators,Actuator response-time verification,"Analytical or empirical control using actuator response-time verification methodologies to verify design limits, ensure structural/functional integrity, and prevent premature failure during product lifecycle.",D,"Voltage Drop, Current Derating Ratio, Signal Accuracy & ESD Resistance","Guarantee stable electrical power delivery, signal accuracy, EMC compliance, and fault diagnostic coverage.",Failure to satisfy actuator response-time verification criteria leading to functional degradation or field performance issues.,N/A,3
CTL-19-014,Sensors / Actuators,Actuator duty-cycle analysis,"Analytical or empirical control using actuator duty-cycle analysis methodologies to verify design limits, ensure structural/functional integrity, and prevent premature failure during product lifecycle.",P,"Voltage Drop, Current Derating Ratio, Signal Accuracy & ESD Resistance","Guarantee stable electrical power delivery, signal accuracy, EMC compliance, and fault diagnostic coverage.",Failure to satisfy actuator duty-cycle analysis criteria leading to functional degradation or field performance issues.,3,N/A
CTL-19-015,Sensors / Actuators,Actuator thermal analysis,"Analytical or empirical control using actuator thermal analysis methodologies to verify design limits, ensure structural/functional integrity, and prevent premature failure during product lifecycle.",P,"Operating Temperature, Thermal Gradient & Heat Dissipation Rate","Guarantee stable electrical power delivery, signal accuracy, EMC compliance, and fault diagnostic coverage.","Overheating, thermal expansion mismatch, thermal fatigue cracking, or fluid breakdown.",3,N/A
CTL-19-016,Sensors / Actuators,Actuator end-stop analysis,"Analytical or empirical control using actuator end-stop analysis methodologies to verify design limits, ensure structural/functional integrity, and prevent premature failure during product lifecycle.",P,"Voltage Drop, Current Derating Ratio, Signal Accuracy & ESD Resistance","Guarantee stable electrical power delivery, signal accuracy, EMC compliance, and fault diagnostic coverage.",Failure to satisfy actuator end-stop analysis criteria leading to functional degradation or field performance issues.,3,N/A
CTL-19-017,Sensors / Actuators,Sensor/actuator environmental validation,"Analytical or empirical control using sensor/actuator environmental validation methodologies to verify design limits, ensure structural/functional integrity, and prevent premature failure during product lifecycle.",D,"Voltage Drop, Current Derating Ratio, Signal Accuracy & ESD Resistance","Guarantee stable electrical power delivery, signal accuracy, EMC compliance, and fault diagnostic coverage.",Failure to satisfy sensor/actuator environmental validation criteria leading to functional degradation or field performance issues.,N/A,3
CTL-19-018,Sensors / Actuators,Sensor/actuator failure-mode analysis,"Analytical or empirical control using sensor/actuator failure-mode analysis methodologies to verify design limits, ensure structural/functional integrity, and prevent premature failure during product lifecycle.",P,"Voltage Drop, Current Derating Ratio, Signal Accuracy & ESD Resistance","Guarantee stable electrical power delivery, signal accuracy, EMC compliance, and fault diagnostic coverage.",Failure to satisfy sensor/actuator failure-mode analysis criteria leading to functional degradation or field performance issues.,3,N/A
CTL-20-001,Software,Software requirement review,"Analytical or empirical control using software requirement review methodologies to verify design limits, ensure structural/functional integrity, and prevent premature failure during product lifecycle.",P,"Code Coverage %, Cyclomatic Complexity & Fault Handling Response Time","Deliver robust, fault-tolerant embedded code execution meeting ISO 26262 functional safety goals.","Microcontroller execution hang, unhandled exception deadlock, or incorrect sensor diagnostic fault logging.",3,N/A
CTL-20-002,Software,Software architecture review,"Analytical or empirical control using software architecture review methodologies to verify design limits, ensure structural/functional integrity, and prevent premature failure during product lifecycle.",P,"Code Coverage %, Cyclomatic Complexity & Fault Handling Response Time","Deliver robust, fault-tolerant embedded code execution meeting ISO 26262 functional safety goals.","Microcontroller execution hang, unhandled exception deadlock, or incorrect sensor diagnostic fault logging.",3,N/A
CTL-20-003,Software,Coding guideline,"Analytical or empirical control using coding guideline methodologies to verify design limits, ensure structural/functional integrity, and prevent premature failure during product lifecycle.",P,"Geometry, Structural Stress, Thermal Limit & Assembly Tolerances","Deliver robust, fault-tolerant embedded code execution meeting ISO 26262 functional safety goals.",Failure to satisfy coding guideline criteria leading to functional degradation or field performance issues.,2,N/A
CTL-20-004,Software,Static-code analysis,"Analytical or empirical control using static-code analysis methodologies to verify design limits, ensure structural/functional integrity, and prevent premature failure during product lifecycle.",P,"Code Coverage %, Cyclomatic Complexity & Fault Handling Response Time","Deliver robust, fault-tolerant embedded code execution meeting ISO 26262 functional safety goals.","Microcontroller execution hang, unhandled exception deadlock, or incorrect sensor diagnostic fault logging.",3,N/A
CTL-20-005,Software,Peer-code review,"Analytical or empirical control using peer-code review methodologies to verify design limits, ensure structural/functional integrity, and prevent premature failure during product lifecycle.",P,"Code Coverage %, Cyclomatic Complexity & Fault Handling Response Time","Deliver robust, fault-tolerant embedded code execution meeting ISO 26262 functional safety goals.","Microcontroller execution hang, unhandled exception deadlock, or incorrect sensor diagnostic fault logging.",3,N/A
CTL-20-006,Software,Unit testing,"Analytical or empirical control using unit testing methodologies to verify design limits, ensure structural/functional integrity, and prevent premature failure during product lifecycle.",D,"Geometry, Structural Stress, Thermal Limit & Assembly Tolerances","Deliver robust, fault-tolerant embedded code execution meeting ISO 26262 functional safety goals.",Failure to satisfy unit testing criteria leading to functional degradation or field performance issues.,N/A,3
CTL-20-007,Software,Integration testing,"Analytical or empirical control using integration testing methodologies to verify design limits, ensure structural/functional integrity, and prevent premature failure during product lifecycle.",D,"Geometry, Structural Stress, Thermal Limit & Assembly Tolerances","Deliver robust, fault-tolerant embedded code execution meeting ISO 26262 functional safety goals.",Failure to satisfy integration testing criteria leading to functional degradation or field performance issues.,N/A,3
CTL-20-008,Software,System testing,"Analytical or empirical control using system testing methodologies to verify design limits, ensure structural/functional integrity, and prevent premature failure during product lifecycle.",D,"Geometry, Structural Stress, Thermal Limit & Assembly Tolerances","Deliver robust, fault-tolerant embedded code execution meeting ISO 26262 functional safety goals.",Failure to satisfy system testing criteria leading to functional degradation or field performance issues.,N/A,3
CTL-20-009,Software,Regression testing,"Analytical or empirical control using regression testing methodologies to verify design limits, ensure structural/functional integrity, and prevent premature failure during product lifecycle.",D,"Geometry, Structural Stress, Thermal Limit & Assembly Tolerances","Deliver robust, fault-tolerant embedded code execution meeting ISO 26262 functional safety goals.",Failure to satisfy regression testing criteria leading to functional degradation or field performance issues.,N/A,3
CTL-20-010,Software,Boundary-value testing,"Analytical or empirical control using boundary-value testing methodologies to verify design limits, ensure structural/functional integrity, and prevent premature failure during product lifecycle.",D,"Geometry, Structural Stress, Thermal Limit & Assembly Tolerances","Deliver robust, fault-tolerant embedded code execution meeting ISO 26262 functional safety goals.",Failure to satisfy boundary-value testing criteria leading to functional degradation or field performance issues.,N/A,3
CTL-20-011,Software,Fault-injection testing,"Analytical or empirical control using fault-injection testing methodologies to verify design limits, ensure structural/functional integrity, and prevent premature failure during product lifecycle.",D,"Geometry, Structural Stress, Thermal Limit & Assembly Tolerances","Deliver robust, fault-tolerant embedded code execution meeting ISO 26262 functional safety goals.",Failure to satisfy fault-injection testing criteria leading to functional degradation or field performance issues.,N/A,3
CTL-20-012,Software,Plausibility-check verification,"Analytical or empirical control using plausibility-check verification methodologies to verify design limits, ensure structural/functional integrity, and prevent premature failure during product lifecycle.",D,"Geometry, Structural Stress, Thermal Limit & Assembly Tolerances","Deliver robust, fault-tolerant embedded code execution meeting ISO 26262 functional safety goals.",Failure to satisfy plausibility-check verification criteria leading to functional degradation or field performance issues.,N/A,3
CTL-20-013,Software,Diagnostic verification,"Analytical or empirical control using diagnostic verification methodologies to verify design limits, ensure structural/functional integrity, and prevent premature failure during product lifecycle.",D,"Geometry, Structural Stress, Thermal Limit & Assembly Tolerances","Deliver robust, fault-tolerant embedded code execution meeting ISO 26262 functional safety goals.",Failure to satisfy diagnostic verification criteria leading to functional degradation or field performance issues.,N/A,3
CTL-20-014,Software,Watchdog verification,"Analytical or empirical control using watchdog verification methodologies to verify design limits, ensure structural/functional integrity, and prevent premature failure during product lifecycle.",D,"Geometry, Structural Stress, Thermal Limit & Assembly Tolerances","Deliver robust, fault-tolerant embedded code execution meeting ISO 26262 functional safety goals.","Microcontroller execution hang, unhandled exception deadlock, or incorrect sensor diagnostic fault logging.",N/A,3
CTL-20-015,Software,Timeout verification,"Analytical or empirical control using timeout verification methodologies to verify design limits, ensure structural/functional integrity, and prevent premature failure during product lifecycle.",D,"Geometry, Structural Stress, Thermal Limit & Assembly Tolerances","Deliver robust, fault-tolerant embedded code execution meeting ISO 26262 functional safety goals.",Failure to satisfy timeout verification criteria leading to functional degradation or field performance issues.,N/A,3
CTL-20-016,Software,Fail-safe verification,"Analytical or empirical control using fail-safe verification methodologies to verify design limits, ensure structural/functional integrity, and prevent premature failure during product lifecycle.",D,"Geometry, Structural Stress, Thermal Limit & Assembly Tolerances","Deliver robust, fault-tolerant embedded code execution meeting ISO 26262 functional safety goals.",Failure to satisfy fail-safe verification criteria leading to functional degradation or field performance issues.,N/A,3
CTL-20-017,Software,Error-handling verification,"Analytical or empirical control using error-handling verification methodologies to verify design limits, ensure structural/functional integrity, and prevent premature failure during product lifecycle.",D,"Geometry, Structural Stress, Thermal Limit & Assembly Tolerances","Deliver robust, fault-tolerant embedded code execution meeting ISO 26262 functional safety goals.",Failure to satisfy error-handling verification criteria leading to functional degradation or field performance issues.,N/A,3
CTL-20-018,Software,Communication-error verification,"Analytical or empirical control using communication-error verification methodologies to verify design limits, ensure structural/functional integrity, and prevent premature failure during product lifecycle.",D,"Geometry, Structural Stress, Thermal Limit & Assembly Tolerances","Deliver robust, fault-tolerant embedded code execution meeting ISO 26262 functional safety goals.",Failure to satisfy communication-error verification criteria leading to functional degradation or field performance issues.,N/A,3
CTL-20-019,Software,Software change-impact analysis,"Analytical or empirical control using software change-impact analysis methodologies to verify design limits, ensure structural/functional integrity, and prevent premature failure during product lifecycle.",P,"Code Coverage %, Cyclomatic Complexity & Fault Handling Response Time","Deliver robust, fault-tolerant embedded code execution meeting ISO 26262 functional safety goals.","Microcontroller execution hang, unhandled exception deadlock, or incorrect sensor diagnostic fault logging.",3,N/A
CTL-20-020,Software,Software release verification,"Analytical or empirical control using software release verification methodologies to verify design limits, ensure structural/functional integrity, and prevent premature failure during product lifecycle.",D,"Code Coverage %, Cyclomatic Complexity & Fault Handling Response Time","Deliver robust, fault-tolerant embedded code execution meeting ISO 26262 functional safety goals.","Microcontroller execution hang, unhandled exception deadlock, or incorrect sensor diagnostic fault logging.",N/A,3
CTL-21-001,DFM / DFA,Design-for-manufacturing review,"Analytical or empirical control using design-for-manufacturing review methodologies to verify design limits, ensure structural/functional integrity, and prevent premature failure during product lifecycle.",P,"Design Rule Compliance, Process Capability Index (Cpk) & Risk Priority Number","Optimize component design for error-proof assembly, automated manufacturing, and low production cycle time.",Failure to satisfy design-for-manufacturing review criteria leading to functional degradation or field performance issues.,3,N/A
CTL-21-002,DFM / DFA,Design-for-assembly review,"Analytical or empirical control using design-for-assembly review methodologies to verify design limits, ensure structural/functional integrity, and prevent premature failure during product lifecycle.",P,"Design Rule Compliance, Process Capability Index (Cpk) & Risk Priority Number","Optimize component design for error-proof assembly, automated manufacturing, and low production cycle time.",Failure to satisfy design-for-assembly review criteria leading to functional degradation or field performance issues.,3,N/A
CTL-21-003,DFM / DFA,Design-for-inspection review,"Analytical or empirical control using design-for-inspection review methodologies to verify design limits, ensure structural/functional integrity, and prevent premature failure during product lifecycle.",P,"Design Rule Compliance, Process Capability Index (Cpk) & Risk Priority Number","Optimize component design for error-proof assembly, automated manufacturing, and low production cycle time.",Failure to satisfy design-for-inspection review criteria leading to functional degradation or field performance issues.,3,N/A
CTL-21-004,DFM / DFA,Process-capability review,"Analytical or empirical control using process-capability review methodologies to verify design limits, ensure structural/functional integrity, and prevent premature failure during product lifecycle.",P,"Design Rule Compliance, Process Capability Index (Cpk) & Risk Priority Number","Optimize component design for error-proof assembly, automated manufacturing, and low production cycle time.",Failure to satisfy process-capability review criteria leading to functional degradation or field performance issues.,3,N/A
CTL-21-005,DFM / DFA,Assembly-sequence review,"Analytical or empirical control using assembly-sequence review methodologies to verify design limits, ensure structural/functional integrity, and prevent premature failure during product lifecycle.",P,"Design Rule Compliance, Process Capability Index (Cpk) & Risk Priority Number","Optimize component design for error-proof assembly, automated manufacturing, and low production cycle time.",Failure to satisfy assembly-sequence review criteria leading to functional degradation or field performance issues.,3,N/A
CTL-21-006,DFM / DFA,Tool-access review,"Analytical or empirical control using tool-access review methodologies to verify design limits, ensure structural/functional integrity, and prevent premature failure during product lifecycle.",P,"Design Rule Compliance, Process Capability Index (Cpk) & Risk Priority Number","Optimize component design for error-proof assembly, automated manufacturing, and low production cycle time.",Failure to satisfy tool-access review criteria leading to functional degradation or field performance issues.,3,N/A
CTL-21-007,DFM / DFA,Gauge-access review,"Analytical or empirical control using gauge-access review methodologies to verify design limits, ensure structural/functional integrity, and prevent premature failure during product lifecycle.",P,"Design Rule Compliance, Process Capability Index (Cpk) & Risk Priority Number","Optimize component design for error-proof assembly, automated manufacturing, and low production cycle time.",Failure to satisfy gauge-access review criteria leading to functional degradation or field performance issues.,3,N/A
CTL-21-008,DFM / DFA,Poka-yoke review,"Analytical or empirical control using poka-yoke review methodologies to verify design limits, ensure structural/functional integrity, and prevent premature failure during product lifecycle.",P,"Design Rule Compliance, Process Capability Index (Cpk) & Risk Priority Number","Optimize component design for error-proof assembly, automated manufacturing, and low production cycle time.",Failure to satisfy poka-yoke review criteria leading to functional degradation or field performance issues.,3,N/A
CTL-21-009,DFM / DFA,Error-proofing design,"Analytical or empirical control using error-proofing design methodologies to verify design limits, ensure structural/functional integrity, and prevent premature failure during product lifecycle.",P,"Geometry, Structural Stress, Thermal Limit & Assembly Tolerances","Optimize component design for error-proof assembly, automated manufacturing, and low production cycle time.",Failure to satisfy error-proofing design criteria leading to functional degradation or field performance issues.,3,N/A
CTL-21-010,DFM / DFA,Part-orientation control,"Analytical or empirical control using part-orientation control methodologies to verify design limits, ensure structural/functional integrity, and prevent premature failure during product lifecycle.",P,"Geometry, Structural Stress, Thermal Limit & Assembly Tolerances","Optimize component design for error-proof assembly, automated manufacturing, and low production cycle time.",Failure to satisfy part-orientation control criteria leading to functional degradation or field performance issues.,3,N/A
CTL-21-011,DFM / DFA,Unique-keying design,"Analytical or empirical control using unique-keying design methodologies to verify design limits, ensure structural/functional integrity, and prevent premature failure during product lifecycle.",P,"Geometry, Structural Stress, Thermal Limit & Assembly Tolerances","Optimize component design for error-proof assembly, automated manufacturing, and low production cycle time.",Failure to satisfy unique-keying design criteria leading to functional degradation or field performance issues.,3,N/A
CTL-21-012,DFM / DFA,Part-count reduction,"Analytical or empirical control using part-count reduction methodologies to verify design limits, ensure structural/functional integrity, and prevent premature failure during product lifecycle.",P,"Geometry, Structural Stress, Thermal Limit & Assembly Tolerances","Optimize component design for error-proof assembly, automated manufacturing, and low production cycle time.",Failure to satisfy part-count reduction criteria leading to functional degradation or field performance issues.,3,N/A
CTL-21-013,DFM / DFA,Fastener reduction,"Analytical or empirical control using fastener reduction methodologies to verify design limits, ensure structural/functional integrity, and prevent premature failure during product lifecycle.",P,"Preload Clamp Force, Thread Engagement Length & Tightening Torque","Optimize component design for error-proof assembly, automated manufacturing, and low production cycle time.",Failure to satisfy fastener reduction criteria leading to functional degradation or field performance issues.,3,N/A
CTL-21-014,DFM / DFA,Assembly-force review,"Analytical or empirical control using assembly-force review methodologies to verify design limits, ensure structural/functional integrity, and prevent premature failure during product lifecycle.",P,"Design Rule Compliance, Process Capability Index (Cpk) & Risk Priority Number","Optimize component design for error-proof assembly, automated manufacturing, and low production cycle time.",Failure to satisfy assembly-force review criteria leading to functional degradation or field performance issues.,3,N/A
CTL-21-015,DFM / DFA,Manual handling review,"Analytical or empirical control using manual handling review methodologies to verify design limits, ensure structural/functional integrity, and prevent premature failure during product lifecycle.",P,"Design Rule Compliance, Process Capability Index (Cpk) & Risk Priority Number","Optimize component design for error-proof assembly, automated manufacturing, and low production cycle time.",Failure to satisfy manual handling review criteria leading to functional degradation or field performance issues.,3,N/A
CTL-21-016,DFM / DFA,Automation feasibility,"Analytical or empirical control using automation feasibility methodologies to verify design limits, ensure structural/functional integrity, and prevent premature failure during product lifecycle.",P,"Geometry, Structural Stress, Thermal Limit & Assembly Tolerances","Optimize component design for error-proof assembly, automated manufacturing, and low production cycle time.",Failure to satisfy automation feasibility criteria leading to functional degradation or field performance issues.,2,N/A
CTL-21-017,DFM / DFA,Process-window review,"Analytical or empirical control using process-window review methodologies to verify design limits, ensure structural/functional integrity, and prevent premature failure during product lifecycle.",P,"Design Rule Compliance, Process Capability Index (Cpk) & Risk Priority Number","Optimize component design for error-proof assembly, automated manufacturing, and low production cycle time.",Failure to satisfy process-window review criteria leading to functional degradation or field performance issues.,3,N/A
CTL-21-018,DFM / DFA,Special-process review,"Analytical or empirical control using special-process review methodologies to verify design limits, ensure structural/functional integrity, and prevent premature failure during product lifecycle.",P,"Design Rule Compliance, Process Capability Index (Cpk) & Risk Priority Number","Optimize component design for error-proof assembly, automated manufacturing, and low production cycle time.",Failure to satisfy special-process review criteria leading to functional degradation or field performance issues.,3,N/A
CTL-22-001,CAE / FEA / CFD,Linear FEA,"Analytical or empirical control using linear fea methodologies to verify design limits, ensure structural/functional integrity, and prevent premature failure during product lifecycle.",P,"Geometry, Structural Stress, Thermal Limit & Assembly Tolerances","Provide high-fidelity numerical simulation to predict physical stress, fluid flow, and thermal behavior.",Failure to satisfy linear fea criteria leading to functional degradation or field performance issues.,2,N/A
CTL-22-002,CAE / FEA / CFD,Nonlinear FEA,"Analytical or empirical control using nonlinear fea methodologies to verify design limits, ensure structural/functional integrity, and prevent premature failure during product lifecycle.",P,"Geometry, Structural Stress, Thermal Limit & Assembly Tolerances","Provide high-fidelity numerical simulation to predict physical stress, fluid flow, and thermal behavior.",Failure to satisfy nonlinear fea criteria leading to functional degradation or field performance issues.,2,N/A
CTL-22-003,CAE / FEA / CFD,Static FEA,"Analytical or empirical control using static fea methodologies to verify design limits, ensure structural/functional integrity, and prevent premature failure during product lifecycle.",P,"Geometry, Structural Stress, Thermal Limit & Assembly Tolerances","Provide high-fidelity numerical simulation to predict physical stress, fluid flow, and thermal behavior.",Failure to satisfy static fea criteria leading to functional degradation or field performance issues.,2,N/A
CTL-22-004,CAE / FEA / CFD,Dynamic FEA,"Analytical or empirical control using dynamic fea methodologies to verify design limits, ensure structural/functional integrity, and prevent premature failure during product lifecycle.",P,"Geometry, Structural Stress, Thermal Limit & Assembly Tolerances","Provide high-fidelity numerical simulation to predict physical stress, fluid flow, and thermal behavior.",Failure to satisfy dynamic fea criteria leading to functional degradation or field performance issues.,2,N/A
CTL-22-005,CAE / FEA / CFD,Contact analysis,"Analytical or empirical control using contact analysis methodologies to verify design limits, ensure structural/functional integrity, and prevent premature failure during product lifecycle.",P,"Geometry, Structural Stress, Thermal Limit & Assembly Tolerances","Provide high-fidelity numerical simulation to predict physical stress, fluid flow, and thermal behavior.",Failure to satisfy contact analysis criteria leading to functional degradation or field performance issues.,3,N/A
CTL-22-006,CAE / FEA / CFD,Fatigue FEA,"Analytical or empirical control using fatigue fea methodologies to verify design limits, ensure structural/functional integrity, and prevent premature failure during product lifecycle.",P,"Yield Strength, Fatigue Limit & Stress Concentration (Von Mises)","Provide high-fidelity numerical simulation to predict physical stress, fluid flow, and thermal behavior.",High-cycle fatigue crack initiation and catastrophic fracture prior to design life.,2,N/A
CTL-22-007,CAE / FEA / CFD,Thermal FEA,"Analytical or empirical control using thermal fea methodologies to verify design limits, ensure structural/functional integrity, and prevent premature failure during product lifecycle.",P,"Operating Temperature, Thermal Gradient & Heat Dissipation Rate","Provide high-fidelity numerical simulation to predict physical stress, fluid flow, and thermal behavior.","Overheating, thermal expansion mismatch, thermal fatigue cracking, or fluid breakdown.",2,N/A
CTL-22-008,CAE / FEA / CFD,Modal analysis,"Analytical or empirical control using modal analysis methodologies to verify design limits, ensure structural/functional integrity, and prevent premature failure during product lifecycle.",P,"Natural Frequency (Hz), Vibration Amplitude & Sound Pressure Level (dB)","Provide high-fidelity numerical simulation to predict physical stress, fluid flow, and thermal behavior.","Excessive NVH, resonant vibration fatigue, customer noise complaints, or component loosening.",3,N/A
CTL-22-009,CAE / FEA / CFD,Harmonic analysis,"Analytical or empirical control using harmonic analysis methodologies to verify design limits, ensure structural/functional integrity, and prevent premature failure during product lifecycle.",P,"Geometry, Structural Stress, Thermal Limit & Assembly Tolerances","Provide high-fidelity numerical simulation to predict physical stress, fluid flow, and thermal behavior.",Failure to satisfy harmonic analysis criteria leading to functional degradation or field performance issues.,3,N/A
CTL-22-010,CAE / FEA / CFD,Random-vibration analysis,"Analytical or empirical control using random-vibration analysis methodologies to verify design limits, ensure structural/functional integrity, and prevent premature failure during product lifecycle.",P,"Natural Frequency (Hz), Vibration Amplitude & Sound Pressure Level (dB)","Provide high-fidelity numerical simulation to predict physical stress, fluid flow, and thermal behavior.","Excessive NVH, resonant vibration fatigue, customer noise complaints, or component loosening.",3,N/A
CTL-22-011,CAE / FEA / CFD,Buckling analysis,"Analytical or empirical control using buckling analysis methodologies to verify design limits, ensure structural/functional integrity, and prevent premature failure during product lifecycle.",P,"Geometry, Structural Stress, Thermal Limit & Assembly Tolerances","Provide high-fidelity numerical simulation to predict physical stress, fluid flow, and thermal behavior.",Failure to satisfy buckling analysis criteria leading to functional degradation or field performance issues.,3,N/A
CTL-22-012,CAE / FEA / CFD,Crash simulation,"Analytical or empirical control using crash simulation methodologies to verify design limits, ensure structural/functional integrity, and prevent premature failure during product lifecycle.",P,"Geometry, Structural Stress, Thermal Limit & Assembly Tolerances","Provide high-fidelity numerical simulation to predict physical stress, fluid flow, and thermal behavior.",Failure to satisfy crash simulation criteria leading to functional degradation or field performance issues.,2,N/A
CTL-22-013,CAE / FEA / CFD,Drop/impact simulation,"Analytical or empirical control using drop/impact simulation methodologies to verify design limits, ensure structural/functional integrity, and prevent premature failure during product lifecycle.",P,"Geometry, Structural Stress, Thermal Limit & Assembly Tolerances","Provide high-fidelity numerical simulation to predict physical stress, fluid flow, and thermal behavior.",Failure to satisfy drop/impact simulation criteria leading to functional degradation or field performance issues.,2,N/A
CTL-22-014,CAE / FEA / CFD,CFD,"Analytical or empirical control using cfd methodologies to verify design limits, ensure structural/functional integrity, and prevent premature failure during product lifecycle.",P,"Geometry, Structural Stress, Thermal Limit & Assembly Tolerances","Provide high-fidelity numerical simulation to predict physical stress, fluid flow, and thermal behavior.",Failure to satisfy cfd criteria leading to functional degradation or field performance issues.,3,N/A
CTL-22-015,CAE / FEA / CFD,Flow analysis,"Analytical or empirical control using flow analysis methodologies to verify design limits, ensure structural/functional integrity, and prevent premature failure during product lifecycle.",P,"Geometry, Structural Stress, Thermal Limit & Assembly Tolerances","Provide high-fidelity numerical simulation to predict physical stress, fluid flow, and thermal behavior.",Failure to satisfy flow analysis criteria leading to functional degradation or field performance issues.,3,N/A
CTL-22-016,CAE / FEA / CFD,Pressure-drop analysis,"Analytical or empirical control using pressure-drop analysis methodologies to verify design limits, ensure structural/functional integrity, and prevent premature failure during product lifecycle.",P,"Geometry, Structural Stress, Thermal Limit & Assembly Tolerances","Provide high-fidelity numerical simulation to predict physical stress, fluid flow, and thermal behavior.",Failure to satisfy pressure-drop analysis criteria leading to functional degradation or field performance issues.,3,N/A
CTL-22-017,CAE / FEA / CFD,Thermal CFD,"Analytical or empirical control using thermal cfd methodologies to verify design limits, ensure structural/functional integrity, and prevent premature failure during product lifecycle.",P,"Operating Temperature, Thermal Gradient & Heat Dissipation Rate","Provide high-fidelity numerical simulation to predict physical stress, fluid flow, and thermal behavior.","Overheating, thermal expansion mismatch, thermal fatigue cracking, or fluid breakdown.",3,N/A
CTL-22-018,CAE / FEA / CFD,Multiphysics analysis,"Analytical or empirical control using multiphysics analysis methodologies to verify design limits, ensure structural/functional integrity, and prevent premature failure during product lifecycle.",P,"Geometry, Structural Stress, Thermal Limit & Assembly Tolerances","Provide high-fidelity numerical simulation to predict physical stress, fluid flow, and thermal behavior.",Failure to satisfy multiphysics analysis criteria leading to functional degradation or field performance issues.,3,N/A
CTL-22-019,CAE / FEA / CFD,Tolerance simulation,"Analytical or empirical control using tolerance simulation methodologies to verify design limits, ensure structural/functional integrity, and prevent premature failure during product lifecycle.",P,"GD&T Feature Position, Profile Tolerance & Dimensional Clearance Envelope","Provide high-fidelity numerical simulation to predict physical stress, fluid flow, and thermal behavior.","Mechanical binding, assembly jam, interference fit failure, or excessive clearance slap.",2,N/A
CTL-22-020,CAE / FEA / CFD,Monte Carlo simulation,"Analytical or empirical control using monte carlo simulation methodologies to verify design limits, ensure structural/functional integrity, and prevent premature failure during product lifecycle.",P,"Geometry, Structural Stress, Thermal Limit & Assembly Tolerances","Provide high-fidelity numerical simulation to predict physical stress, fluid flow, and thermal behavior.",Failure to satisfy monte carlo simulation criteria leading to functional degradation or field performance issues.,2,N/A
CTL-22-021,CAE / FEA / CFD,Model correlation,"Analytical or empirical control using model correlation methodologies to verify design limits, ensure structural/functional integrity, and prevent premature failure during product lifecycle.",P,"Geometry, Structural Stress, Thermal Limit & Assembly Tolerances","Provide high-fidelity numerical simulation to predict physical stress, fluid flow, and thermal behavior.",Failure to satisfy model correlation criteria leading to functional degradation or field performance issues.,3,N/A
CTL-22-022,CAE / FEA / CFD,Boundary-condition review,"Analytical or empirical control using boundary-condition review methodologies to verify design limits, ensure structural/functional integrity, and prevent premature failure during product lifecycle.",P,"Design Rule Compliance, Process Capability Index (Cpk) & Risk Priority Number","Provide high-fidelity numerical simulation to predict physical stress, fluid flow, and thermal behavior.",Failure to satisfy boundary-condition review criteria leading to functional degradation or field performance issues.,3,N/A
CTL-22-023,CAE / FEA / CFD,Mesh-convergence study,"Analytical or empirical control using mesh-convergence study methodologies to verify design limits, ensure structural/functional integrity, and prevent premature failure during product lifecycle.",P,"Geometry, Structural Stress, Thermal Limit & Assembly Tolerances","Provide high-fidelity numerical simulation to predict physical stress, fluid flow, and thermal behavior.",Failure to satisfy mesh-convergence study criteria leading to functional degradation or field performance issues.,3,N/A
CTL-22-024,CAE / FEA / CFD,Material-model verification,"Analytical or empirical control using material-model verification methodologies to verify design limits, ensure structural/functional integrity, and prevent premature failure during product lifecycle.",D,"Geometry, Structural Stress, Thermal Limit & Assembly Tolerances","Provide high-fidelity numerical simulation to predict physical stress, fluid flow, and thermal behavior.",Failure to satisfy material-model verification criteria leading to functional degradation or field performance issues.,N/A,3
CTL-22-025,CAE / FEA / CFD,Simulation peer review,"Analytical or empirical control using simulation peer review methodologies to verify design limits, ensure structural/functional integrity, and prevent premature failure during product lifecycle.",P,"Design Rule Compliance, Process Capability Index (Cpk) & Risk Priority Number","Provide high-fidelity numerical simulation to predict physical stress, fluid flow, and thermal behavior.",Failure to satisfy simulation peer review criteria leading to functional degradation or field performance issues.,2,N/A
CTL-23-001,Prototype,Prototype build,"Analytical or empirical control using prototype build methodologies to verify design limits, ensure structural/functional integrity, and prevent premature failure during product lifecycle.",P,"Geometry, Structural Stress, Thermal Limit & Assembly Tolerances","Physically validate design performance, durability targets, and regulatory compliance prior to mass production.",Failure to satisfy prototype build criteria leading to functional degradation or field performance issues.,3,N/A
CTL-23-002,Prototype,Prototype dimensional inspection,"Analytical or empirical control using prototype dimensional inspection methodologies to verify design limits, ensure structural/functional integrity, and prevent premature failure during product lifecycle.",D,"Geometry, Structural Stress, Thermal Limit & Assembly Tolerances","Physically validate design performance, durability targets, and regulatory compliance prior to mass production.",Failure to satisfy prototype dimensional inspection criteria leading to functional degradation or field performance issues.,N/A,3
CTL-23-003,Prototype,Prototype functional test,"Analytical or empirical control using prototype functional test methodologies to verify design limits, ensure structural/functional integrity, and prevent premature failure during product lifecycle.",D,"Geometry, Structural Stress, Thermal Limit & Assembly Tolerances","Physically validate design performance, durability targets, and regulatory compliance prior to mass production.",Failure to satisfy prototype functional test criteria leading to functional degradation or field performance issues.,N/A,3
CTL-23-004,Prototype,Prototype fit check,"Analytical or empirical control using prototype fit check methodologies to verify design limits, ensure structural/functional integrity, and prevent premature failure during product lifecycle.",D,"Geometry, Structural Stress, Thermal Limit & Assembly Tolerances","Physically validate design performance, durability targets, and regulatory compliance prior to mass production.",Failure to satisfy prototype fit check criteria leading to functional degradation or field performance issues.,N/A,3
CTL-23-005,Prototype,Prototype assembly trial,"Analytical or empirical control using prototype assembly trial methodologies to verify design limits, ensure structural/functional integrity, and prevent premature failure during product lifecycle.",P,"Geometry, Structural Stress, Thermal Limit & Assembly Tolerances","Physically validate design performance, durability targets, and regulatory compliance prior to mass production.",Failure to satisfy prototype assembly trial criteria leading to functional degradation or field performance issues.,3,N/A
CTL-23-006,Prototype,Prototype teardown,"Analytical or empirical control using prototype teardown methodologies to verify design limits, ensure structural/functional integrity, and prevent premature failure during product lifecycle.",D,"Geometry, Structural Stress, Thermal Limit & Assembly Tolerances","Physically validate design performance, durability targets, and regulatory compliance prior to mass production.",Failure to satisfy prototype teardown criteria leading to functional degradation or field performance issues.,N/A,3
CTL-23-007,Prototype,Prototype failure analysis,"Analytical or empirical control using prototype failure analysis methodologies to verify design limits, ensure structural/functional integrity, and prevent premature failure during product lifecycle.",P,"Geometry, Structural Stress, Thermal Limit & Assembly Tolerances","Physically validate design performance, durability targets, and regulatory compliance prior to mass production.",Failure to satisfy prototype failure analysis criteria leading to functional degradation or field performance issues.,3,N/A
CTL-23-008,Prototype,Prototype leakage test,"Analytical or empirical control using prototype leakage test methodologies to verify design limits, ensure structural/functional integrity, and prevent premature failure during product lifecycle.",D,"Seal Squeeze Ratio, Surface Roughness Ra & Interfacial Contact Pressure","Physically validate design performance, durability targets, and regulatory compliance prior to mass production.","Fluid/gas leakage past seal interface, O-ring extrusion, or premature seal hardening.",N/A,3
CTL-23-009,Prototype,Prototype thermal test,"Analytical or empirical control using prototype thermal test methodologies to verify design limits, ensure structural/functional integrity, and prevent premature failure during product lifecycle.",D,"Operating Temperature, Thermal Gradient & Heat Dissipation Rate","Physically validate design performance, durability targets, and regulatory compliance prior to mass production.","Overheating, thermal expansion mismatch, thermal fatigue cracking, or fluid breakdown.",N/A,3
CTL-23-010,Prototype,Prototype vibration test,"Analytical or empirical control using prototype vibration test methodologies to verify design limits, ensure structural/functional integrity, and prevent premature failure during product lifecycle.",D,"Natural Frequency (Hz), Vibration Amplitude & Sound Pressure Level (dB)","Physically validate design performance, durability targets, and regulatory compliance prior to mass production.","Excessive NVH, resonant vibration fatigue, customer noise complaints, or component loosening.",N/A,3
CTL-23-011,Prototype,Prototype load test,"Analytical or empirical control using prototype load test methodologies to verify design limits, ensure structural/functional integrity, and prevent premature failure during product lifecycle.",D,"Yield Strength, Fatigue Limit & Stress Concentration (Von Mises)","Physically validate design performance, durability targets, and regulatory compliance prior to mass production.",Failure to satisfy prototype load test criteria leading to functional degradation or field performance issues.,N/A,3
CTL-23-012,Prototype,Prototype environmental test,"Analytical or empirical control using prototype environmental test methodologies to verify design limits, ensure structural/functional integrity, and prevent premature failure during product lifecycle.",D,"Geometry, Structural Stress, Thermal Limit & Assembly Tolerances","Physically validate design performance, durability targets, and regulatory compliance prior to mass production.",Failure to satisfy prototype environmental test criteria leading to functional degradation or field performance issues.,N/A,3
CTL-23-013,Prototype,Prototype material verification,"Analytical or empirical control using prototype material verification methodologies to verify design limits, ensure structural/functional integrity, and prevent premature failure during product lifecycle.",D,"Geometry, Structural Stress, Thermal Limit & Assembly Tolerances","Physically validate design performance, durability targets, and regulatory compliance prior to mass production.",Failure to satisfy prototype material verification criteria leading to functional degradation or field performance issues.,N/A,3
CTL-23-014,Prototype,Prototype interface verification,"Analytical or empirical control using prototype interface verification methodologies to verify design limits, ensure structural/functional integrity, and prevent premature failure during product lifecycle.",D,"Geometry, Structural Stress, Thermal Limit & Assembly Tolerances","Physically validate design performance, durability targets, and regulatory compliance prior to mass production.",Failure to satisfy prototype interface verification criteria leading to functional degradation or field performance issues.,N/A,3
CTL-23-015,Prototype,Prototype-to-CAE correlation,"Analytical or empirical control using prototype-to-cae correlation methodologies to verify design limits, ensure structural/functional integrity, and prevent premature failure during product lifecycle.",P,"Geometry, Structural Stress, Thermal Limit & Assembly Tolerances","Physically validate design performance, durability targets, and regulatory compliance prior to mass production.",Failure to satisfy prototype-to-cae correlation criteria leading to functional degradation or field performance issues.,3,N/A
CTL-24-001,Design Verification,Design Verification Plan,"Analytical or empirical control using design verification plan methodologies to verify design limits, ensure structural/functional integrity, and prevent premature failure during product lifecycle.",P,"Geometry, Structural Stress, Thermal Limit & Assembly Tolerances","Physically validate design performance, durability targets, and regulatory compliance prior to mass production.",Failure to satisfy design verification plan criteria leading to functional degradation or field performance issues.,3,N/A
CTL-24-002,Design Verification,Requirement-to-test matrix,"Analytical or empirical control using requirement-to-test matrix methodologies to verify design limits, ensure structural/functional integrity, and prevent premature failure during product lifecycle.",D,"Geometry, Structural Stress, Thermal Limit & Assembly Tolerances","Physically validate design performance, durability targets, and regulatory compliance prior to mass production.",Failure to satisfy requirement-to-test matrix criteria leading to functional degradation or field performance issues.,N/A,3
CTL-24-003,Design Verification,Functional verification,"Analytical or empirical control using functional verification methodologies to verify design limits, ensure structural/functional integrity, and prevent premature failure during product lifecycle.",D,"Geometry, Structural Stress, Thermal Limit & Assembly Tolerances","Physically validate design performance, durability targets, and regulatory compliance prior to mass production.",Failure to satisfy functional verification criteria leading to functional degradation or field performance issues.,N/A,3
CTL-24-004,Design Verification,Performance verification,"Analytical or empirical control using performance verification methodologies to verify design limits, ensure structural/functional integrity, and prevent premature failure during product lifecycle.",D,"Geometry, Structural Stress, Thermal Limit & Assembly Tolerances","Physically validate design performance, durability targets, and regulatory compliance prior to mass production.",Failure to satisfy performance verification criteria leading to functional degradation or field performance issues.,N/A,3
CTL-24-005,Design Verification,Dimensional verification,"Analytical or empirical control using dimensional verification methodologies to verify design limits, ensure structural/functional integrity, and prevent premature failure during product lifecycle.",D,"Geometry, Structural Stress, Thermal Limit & Assembly Tolerances","Physically validate design performance, durability targets, and regulatory compliance prior to mass production.",Failure to satisfy dimensional verification criteria leading to functional degradation or field performance issues.,N/A,3
CTL-24-006,Design Verification,Material verification,"Analytical or empirical control using material verification methodologies to verify design limits, ensure structural/functional integrity, and prevent premature failure during product lifecycle.",D,"Geometry, Structural Stress, Thermal Limit & Assembly Tolerances","Physically validate design performance, durability targets, and regulatory compliance prior to mass production.",Failure to satisfy material verification criteria leading to functional degradation or field performance issues.,N/A,3
CTL-24-007,Design Verification,Environmental verification,"Analytical or empirical control using environmental verification methodologies to verify design limits, ensure structural/functional integrity, and prevent premature failure during product lifecycle.",D,"Geometry, Structural Stress, Thermal Limit & Assembly Tolerances","Physically validate design performance, durability targets, and regulatory compliance prior to mass production.",Failure to satisfy environmental verification criteria leading to functional degradation or field performance issues.,N/A,3
CTL-24-008,Design Verification,Thermal verification,"Analytical or empirical control using thermal verification methodologies to verify design limits, ensure structural/functional integrity, and prevent premature failure during product lifecycle.",D,"Operating Temperature, Thermal Gradient & Heat Dissipation Rate","Physically validate design performance, durability targets, and regulatory compliance prior to mass production.","Overheating, thermal expansion mismatch, thermal fatigue cracking, or fluid breakdown.",N/A,3
CTL-24-009,Design Verification,Vibration verification,"Analytical or empirical control using vibration verification methodologies to verify design limits, ensure structural/functional integrity, and prevent premature failure during product lifecycle.",D,"Natural Frequency (Hz), Vibration Amplitude & Sound Pressure Level (dB)","Physically validate design performance, durability targets, and regulatory compliance prior to mass production.","Excessive NVH, resonant vibration fatigue, customer noise complaints, or component loosening.",N/A,3
CTL-24-010,Design Verification,Shock verification,"Analytical or empirical control using shock verification methodologies to verify design limits, ensure structural/functional integrity, and prevent premature failure during product lifecycle.",D,"Geometry, Structural Stress, Thermal Limit & Assembly Tolerances","Physically validate design performance, durability targets, and regulatory compliance prior to mass production.",Failure to satisfy shock verification criteria leading to functional degradation or field performance issues.,N/A,3
CTL-24-011,Design Verification,Leakage verification,"Analytical or empirical control using leakage verification methodologies to verify design limits, ensure structural/functional integrity, and prevent premature failure during product lifecycle.",D,"Seal Squeeze Ratio, Surface Roughness Ra & Interfacial Contact Pressure","Physically validate design performance, durability targets, and regulatory compliance prior to mass production.","Fluid/gas leakage past seal interface, O-ring extrusion, or premature seal hardening.",N/A,3
CTL-24-012,Design Verification,Pressure verification,"Analytical or empirical control using pressure verification methodologies to verify design limits, ensure structural/functional integrity, and prevent premature failure during product lifecycle.",D,"Geometry, Structural Stress, Thermal Limit & Assembly Tolerances","Physically validate design performance, durability targets, and regulatory compliance prior to mass production.",Failure to satisfy pressure verification criteria leading to functional degradation or field performance issues.,N/A,3
CTL-24-013,Design Verification,Electrical verification,"Analytical or empirical control using electrical verification methodologies to verify design limits, ensure structural/functional integrity, and prevent premature failure during product lifecycle.",D,"Voltage Drop, Current Derating Ratio, Signal Accuracy & ESD Resistance","Physically validate design performance, durability targets, and regulatory compliance prior to mass production.",Failure to satisfy electrical verification criteria leading to functional degradation or field performance issues.,N/A,3
CTL-24-014,Design Verification,EMC verification,"Analytical or empirical control using emc verification methodologies to verify design limits, ensure structural/functional integrity, and prevent premature failure during product lifecycle.",D,"Geometry, Structural Stress, Thermal Limit & Assembly Tolerances","Physically validate design performance, durability targets, and regulatory compliance prior to mass production.","Electrical short-circuit, over-temperature wire melting, EMC interference, or signal corruption.",N/A,3
CTL-24-015,Design Verification,Software verification,"Analytical or empirical control using software verification methodologies to verify design limits, ensure structural/functional integrity, and prevent premature failure during product lifecycle.",D,"Code Coverage %, Cyclomatic Complexity & Fault Handling Response Time","Physically validate design performance, durability targets, and regulatory compliance prior to mass production.","Microcontroller execution hang, unhandled exception deadlock, or incorrect sensor diagnostic fault logging.",N/A,3
CTL-24-016,Design Verification,Durability verification,"Analytical or empirical control using durability verification methodologies to verify design limits, ensure structural/functional integrity, and prevent premature failure during product lifecycle.",D,"Geometry, Structural Stress, Thermal Limit & Assembly Tolerances","Physically validate design performance, durability targets, and regulatory compliance prior to mass production.",Failure to satisfy durability verification criteria leading to functional degradation or field performance issues.,N/A,3
CTL-24-017,Design Verification,Reliability verification,"Analytical or empirical control using reliability verification methodologies to verify design limits, ensure structural/functional integrity, and prevent premature failure during product lifecycle.",D,"Mean Time Between Failures (MTBF), Weibull Beta/Eta & Warranty Return Rate","Physically validate design performance, durability targets, and regulatory compliance prior to mass production.",Failure to satisfy reliability verification criteria leading to functional degradation or field performance issues.,N/A,3
CTL-24-018,Design Verification,Test-result review,"Analytical or empirical control using test-result review methodologies to verify design limits, ensure structural/functional integrity, and prevent premature failure during product lifecycle.",D,"Design Rule Compliance, Process Capability Index (Cpk) & Risk Priority Number","Physically validate design performance, durability targets, and regulatory compliance prior to mass production.",Failure to satisfy test-result review criteria leading to functional degradation or field performance issues.,N/A,3
CTL-24-019,Design Verification,Test deviation analysis,"Analytical or empirical control using test deviation analysis methodologies to verify design limits, ensure structural/functional integrity, and prevent premature failure during product lifecycle.",D,"Geometry, Structural Stress, Thermal Limit & Assembly Tolerances","Physically validate design performance, durability targets, and regulatory compliance prior to mass production.",Failure to satisfy test deviation analysis criteria leading to functional degradation or field performance issues.,N/A,3
CTL-24-020,Design Verification,Verification closure,"Analytical or empirical control using verification closure methodologies to verify design limits, ensure structural/functional integrity, and prevent premature failure during product lifecycle.",D,"Geometry, Structural Stress, Thermal Limit & Assembly Tolerances","Physically validate design performance, durability targets, and regulatory compliance prior to mass production.",Failure to satisfy verification closure criteria leading to functional degradation or field performance issues.,N/A,3
CTL-25-001,Design Validation,Product validation,"Analytical or empirical control using product validation methodologies to verify design limits, ensure structural/functional integrity, and prevent premature failure during product lifecycle.",D,"Geometry, Structural Stress, Thermal Limit & Assembly Tolerances","Physically validate design performance, durability targets, and regulatory compliance prior to mass production.",Failure to satisfy product validation criteria leading to functional degradation or field performance issues.,N/A,3
CTL-25-002,Design Validation,Vehicle-level validation,"Analytical or empirical control using vehicle-level validation methodologies to verify design limits, ensure structural/functional integrity, and prevent premature failure during product lifecycle.",D,"Geometry, Structural Stress, Thermal Limit & Assembly Tolerances","Physically validate design performance, durability targets, and regulatory compliance prior to mass production.",Failure to satisfy vehicle-level validation criteria leading to functional degradation or field performance issues.,N/A,3
CTL-25-003,Design Validation,System-level validation,"Analytical or empirical control using system-level validation methodologies to verify design limits, ensure structural/functional integrity, and prevent premature failure during product lifecycle.",D,"Geometry, Structural Stress, Thermal Limit & Assembly Tolerances","Physically validate design performance, durability targets, and regulatory compliance prior to mass production.",Failure to satisfy system-level validation criteria leading to functional degradation or field performance issues.,N/A,3
CTL-25-004,Design Validation,Customer-use validation,"Analytical or empirical control using customer-use validation methodologies to verify design limits, ensure structural/functional integrity, and prevent premature failure during product lifecycle.",D,"Geometry, Structural Stress, Thermal Limit & Assembly Tolerances","Physically validate design performance, durability targets, and regulatory compliance prior to mass production.",Failure to satisfy customer-use validation criteria leading to functional degradation or field performance issues.,N/A,3
CTL-25-005,Design Validation,Real-world condition validation,"Analytical or empirical control using real-world condition validation methodologies to verify design limits, ensure structural/functional integrity, and prevent premature failure during product lifecycle.",D,"Geometry, Structural Stress, Thermal Limit & Assembly Tolerances","Physically validate design performance, durability targets, and regulatory compliance prior to mass production.",Failure to satisfy real-world condition validation criteria leading to functional degradation or field performance issues.,N/A,3
CTL-25-006,Design Validation,Misuse validation,"Analytical or empirical control using misuse validation methodologies to verify design limits, ensure structural/functional integrity, and prevent premature failure during product lifecycle.",D,"Geometry, Structural Stress, Thermal Limit & Assembly Tolerances","Physically validate design performance, durability targets, and regulatory compliance prior to mass production.",Failure to satisfy misuse validation criteria leading to functional degradation or field performance issues.,N/A,3
CTL-25-007,Design Validation,Abuse validation,"Analytical or empirical control using abuse validation methodologies to verify design limits, ensure structural/functional integrity, and prevent premature failure during product lifecycle.",D,"Geometry, Structural Stress, Thermal Limit & Assembly Tolerances","Physically validate design performance, durability targets, and regulatory compliance prior to mass production.",Failure to satisfy abuse validation criteria leading to functional degradation or field performance issues.,N/A,3
CTL-25-008,Design Validation,Environmental validation,"Analytical or empirical control using environmental validation methodologies to verify design limits, ensure structural/functional integrity, and prevent premature failure during product lifecycle.",D,"Geometry, Structural Stress, Thermal Limit & Assembly Tolerances","Physically validate design performance, durability targets, and regulatory compliance prior to mass production.",Failure to satisfy environmental validation criteria leading to functional degradation or field performance issues.,N/A,3
CTL-25-009,Design Validation,Climate validation,"Analytical or empirical control using climate validation methodologies to verify design limits, ensure structural/functional integrity, and prevent premature failure during product lifecycle.",D,"Geometry, Structural Stress, Thermal Limit & Assembly Tolerances","Physically validate design performance, durability targets, and regulatory compliance prior to mass production.",Failure to satisfy climate validation criteria leading to functional degradation or field performance issues.,N/A,3
CTL-25-010,Design Validation,Durability validation,"Analytical or empirical control using durability validation methodologies to verify design limits, ensure structural/functional integrity, and prevent premature failure during product lifecycle.",D,"Geometry, Structural Stress, Thermal Limit & Assembly Tolerances","Physically validate design performance, durability targets, and regulatory compliance prior to mass production.",Failure to satisfy durability validation criteria leading to functional degradation or field performance issues.,N/A,3
CTL-25-011,Design Validation,Reliability validation,"Analytical or empirical control using reliability validation methodologies to verify design limits, ensure structural/functional integrity, and prevent premature failure during product lifecycle.",D,"Mean Time Between Failures (MTBF), Weibull Beta/Eta & Warranty Return Rate","Physically validate design performance, durability targets, and regulatory compliance prior to mass production.",Failure to satisfy reliability validation criteria leading to functional degradation or field performance issues.,N/A,3
CTL-25-012,Design Validation,Field simulation,"Analytical or empirical control using field simulation methodologies to verify design limits, ensure structural/functional integrity, and prevent premature failure during product lifecycle.",P,"Geometry, Structural Stress, Thermal Limit & Assembly Tolerances","Physically validate design performance, durability targets, and regulatory compliance prior to mass production.",Failure to satisfy field simulation criteria leading to functional degradation or field performance issues.,2,N/A
CTL-25-013,Design Validation,Customer scenario testing,"Analytical or empirical control using customer scenario testing methodologies to verify design limits, ensure structural/functional integrity, and prevent premature failure during product lifecycle.",D,"Geometry, Structural Stress, Thermal Limit & Assembly Tolerances","Physically validate design performance, durability targets, and regulatory compliance prior to mass production.",Failure to satisfy customer scenario testing criteria leading to functional degradation or field performance issues.,N/A,3
CTL-25-014,Design Validation,Regulatory validation,"Analytical or empirical control using regulatory validation methodologies to verify design limits, ensure structural/functional integrity, and prevent premature failure during product lifecycle.",D,"Geometry, Structural Stress, Thermal Limit & Assembly Tolerances","Physically validate design performance, durability targets, and regulatory compliance prior to mass production.",Failure to satisfy regulatory validation criteria leading to functional degradation or field performance issues.,N/A,3
CTL-25-015,Design Validation,Validation result review,"Analytical or empirical control using validation result review methodologies to verify design limits, ensure structural/functional integrity, and prevent premature failure during product lifecycle.",D,"Design Rule Compliance, Process Capability Index (Cpk) & Risk Priority Number","Physically validate design performance, durability targets, and regulatory compliance prior to mass production.",Failure to satisfy validation result review criteria leading to functional degradation or field performance issues.,N/A,3
CTL-26-001,Reliability,Reliability prediction,"Analytical or empirical control using reliability prediction methodologies to verify design limits, ensure structural/functional integrity, and prevent premature failure during product lifecycle.",P,"Mean Time Between Failures (MTBF), Weibull Beta/Eta & Warranty Return Rate","Ensure long-term product dependability, rapid root-cause containment, and continuous engineering knowledge transfer.",Failure to satisfy reliability prediction criteria leading to functional degradation or field performance issues.,3,N/A
CTL-26-002,Reliability,Reliability allocation,"Analytical or empirical control using reliability allocation methodologies to verify design limits, ensure structural/functional integrity, and prevent premature failure during product lifecycle.",P,"Mean Time Between Failures (MTBF), Weibull Beta/Eta & Warranty Return Rate","Ensure long-term product dependability, rapid root-cause containment, and continuous engineering knowledge transfer.",Failure to satisfy reliability allocation criteria leading to functional degradation or field performance issues.,3,N/A
CTL-26-003,Reliability,Reliability block diagram,"Analytical or empirical control using reliability block diagram methodologies to verify design limits, ensure structural/functional integrity, and prevent premature failure during product lifecycle.",P,"Mean Time Between Failures (MTBF), Weibull Beta/Eta & Warranty Return Rate","Ensure long-term product dependability, rapid root-cause containment, and continuous engineering knowledge transfer.",Failure to satisfy reliability block diagram criteria leading to functional degradation or field performance issues.,3,N/A
CTL-26-004,Reliability,Failure-rate analysis,"Analytical or empirical control using failure-rate analysis methodologies to verify design limits, ensure structural/functional integrity, and prevent premature failure during product lifecycle.",P,"Geometry, Structural Stress, Thermal Limit & Assembly Tolerances","Ensure long-term product dependability, rapid root-cause containment, and continuous engineering knowledge transfer.",Failure to satisfy failure-rate analysis criteria leading to functional degradation or field performance issues.,3,N/A
CTL-26-005,Reliability,Weibull analysis,"Analytical or empirical control using weibull analysis methodologies to verify design limits, ensure structural/functional integrity, and prevent premature failure during product lifecycle.",P,"Mean Time Between Failures (MTBF), Weibull Beta/Eta & Warranty Return Rate","Ensure long-term product dependability, rapid root-cause containment, and continuous engineering knowledge transfer.",Failure to satisfy weibull analysis criteria leading to functional degradation or field performance issues.,3,N/A
CTL-26-006,Reliability,Life prediction,"Analytical or empirical control using life prediction methodologies to verify design limits, ensure structural/functional integrity, and prevent premature failure during product lifecycle.",P,"Mean Time Between Failures (MTBF), Weibull Beta/Eta & Warranty Return Rate","Ensure long-term product dependability, rapid root-cause containment, and continuous engineering knowledge transfer.",Failure to satisfy life prediction criteria leading to functional degradation or field performance issues.,3,N/A
CTL-26-007,Reliability,Fatigue-life prediction,"Analytical or empirical control using fatigue-life prediction methodologies to verify design limits, ensure structural/functional integrity, and prevent premature failure during product lifecycle.",P,"Yield Strength, Fatigue Limit & Stress Concentration (Von Mises)","Ensure long-term product dependability, rapid root-cause containment, and continuous engineering knowledge transfer.",High-cycle fatigue crack initiation and catastrophic fracture prior to design life.,3,N/A
CTL-26-008,Reliability,Accelerated life testing,"Analytical or empirical control using accelerated life testing methodologies to verify design limits, ensure structural/functional integrity, and prevent premature failure during product lifecycle.",D,"Mean Time Between Failures (MTBF), Weibull Beta/Eta & Warranty Return Rate","Ensure long-term product dependability, rapid root-cause containment, and continuous engineering knowledge transfer.",Failure to satisfy accelerated life testing criteria leading to functional degradation or field performance issues.,N/A,3
CTL-26-009,Reliability,Endurance testing,"Analytical or empirical control using endurance testing methodologies to verify design limits, ensure structural/functional integrity, and prevent premature failure during product lifecycle.",D,"Geometry, Structural Stress, Thermal Limit & Assembly Tolerances","Ensure long-term product dependability, rapid root-cause containment, and continuous engineering knowledge transfer.",Failure to satisfy endurance testing criteria leading to functional degradation or field performance issues.,N/A,3
CTL-26-010,Reliability,Reliability growth testing,"Analytical or empirical control using reliability growth testing methodologies to verify design limits, ensure structural/functional integrity, and prevent premature failure during product lifecycle.",D,"Mean Time Between Failures (MTBF), Weibull Beta/Eta & Warranty Return Rate","Ensure long-term product dependability, rapid root-cause containment, and continuous engineering knowledge transfer.",Failure to satisfy reliability growth testing criteria leading to functional degradation or field performance issues.,N/A,3
CTL-26-011,Reliability,Stress testing,"Analytical or empirical control using stress testing methodologies to verify design limits, ensure structural/functional integrity, and prevent premature failure during product lifecycle.",D,"Yield Strength, Fatigue Limit & Stress Concentration (Von Mises)","Ensure long-term product dependability, rapid root-cause containment, and continuous engineering knowledge transfer.","Plastic deformation, permanent yielding, or physical structural fracture under load.",N/A,3
CTL-26-012,Reliability,Overload testing,"Analytical or empirical control using overload testing methodologies to verify design limits, ensure structural/functional integrity, and prevent premature failure during product lifecycle.",D,"Yield Strength, Fatigue Limit & Stress Concentration (Von Mises)","Ensure long-term product dependability, rapid root-cause containment, and continuous engineering knowledge transfer.",Failure to satisfy overload testing criteria leading to functional degradation or field performance issues.,N/A,3
CTL-26-013,Reliability,Derating,"Analytical or empirical control using derating methodologies to verify design limits, ensure structural/functional integrity, and prevent premature failure during product lifecycle.",P,"Geometry, Structural Stress, Thermal Limit & Assembly Tolerances","Ensure long-term product dependability, rapid root-cause containment, and continuous engineering knowledge transfer.",Failure to satisfy derating criteria leading to functional degradation or field performance issues.,3,N/A
CTL-26-014,Reliability,Design-margin analysis,"Analytical or empirical control using design-margin analysis methodologies to verify design limits, ensure structural/functional integrity, and prevent premature failure during product lifecycle.",P,"Geometry, Structural Stress, Thermal Limit & Assembly Tolerances","Ensure long-term product dependability, rapid root-cause containment, and continuous engineering knowledge transfer.",Failure to satisfy design-margin analysis criteria leading to functional degradation or field performance issues.,3,N/A
CTL-26-015,Reliability,Degradation analysis,"Analytical or empirical control using degradation analysis methodologies to verify design limits, ensure structural/functional integrity, and prevent premature failure during product lifecycle.",P,"Geometry, Structural Stress, Thermal Limit & Assembly Tolerances","Ensure long-term product dependability, rapid root-cause containment, and continuous engineering knowledge transfer.",Failure to satisfy degradation analysis criteria leading to functional degradation or field performance issues.,3,N/A
CTL-26-016,Reliability,Wear-life analysis,"Analytical or empirical control using wear-life analysis methodologies to verify design limits, ensure structural/functional integrity, and prevent premature failure during product lifecycle.",P,"Mean Time Between Failures (MTBF), Weibull Beta/Eta & Warranty Return Rate","Ensure long-term product dependability, rapid root-cause containment, and continuous engineering knowledge transfer.",Failure to satisfy wear-life analysis criteria leading to functional degradation or field performance issues.,3,N/A
CTL-26-017,Reliability,Failure trend analysis,"Analytical or empirical control using failure trend analysis methodologies to verify design limits, ensure structural/functional integrity, and prevent premature failure during product lifecycle.",P,"Geometry, Structural Stress, Thermal Limit & Assembly Tolerances","Ensure long-term product dependability, rapid root-cause containment, and continuous engineering knowledge transfer.",Failure to satisfy failure trend analysis criteria leading to functional degradation or field performance issues.,3,N/A
CTL-26-018,Reliability,Reliability lessons learned,"Analytical or empirical control using reliability lessons learned methodologies to verify design limits, ensure structural/functional integrity, and prevent premature failure during product lifecycle.",P,"Design Rule Compliance, Process Capability Index (Cpk) & Risk Priority Number","Ensure long-term product dependability, rapid root-cause containment, and continuous engineering knowledge transfer.",Failure to satisfy reliability lessons learned criteria leading to functional degradation or field performance issues.,3,N/A
CTL-27-001,Series Production Experience,Previous-program review,"Analytical or empirical control using previous-program review methodologies to verify design limits, ensure structural/functional integrity, and prevent premature failure during product lifecycle.",P,"Design Rule Compliance, Process Capability Index (Cpk) & Risk Priority Number","Ensure component meets all series production experience performance metrics, operating envelope requirements, and durability targets under peak load.",Failure to satisfy previous-program review criteria leading to functional degradation or field performance issues.,3,N/A
CTL-27-002,Series Production Experience,Previous DFMEA review,"Analytical or empirical control using previous dfmea review methodologies to verify design limits, ensure structural/functional integrity, and prevent premature failure during product lifecycle.",P,"Design Rule Compliance, Process Capability Index (Cpk) & Risk Priority Number","Ensure component meets all series production experience performance metrics, operating envelope requirements, and durability targets under peak load.",Failure to satisfy previous dfmea review criteria leading to functional degradation or field performance issues.,3,N/A
CTL-27-003,Series Production Experience,Previous PFMEA review,"Analytical or empirical control using previous pfmea review methodologies to verify design limits, ensure structural/functional integrity, and prevent premature failure during product lifecycle.",P,"Design Rule Compliance, Process Capability Index (Cpk) & Risk Priority Number","Ensure component meets all series production experience performance metrics, operating envelope requirements, and durability targets under peak load.",Failure to satisfy previous pfmea review criteria leading to functional degradation or field performance issues.,3,N/A
CTL-27-004,Series Production Experience,Previous control-plan review,"Analytical or empirical control using previous control-plan review methodologies to verify design limits, ensure structural/functional integrity, and prevent premature failure during product lifecycle.",P,"Design Rule Compliance, Process Capability Index (Cpk) & Risk Priority Number","Ensure component meets all series production experience performance metrics, operating envelope requirements, and durability targets under peak load.",Failure to satisfy previous control-plan review criteria leading to functional degradation or field performance issues.,3,N/A
CTL-27-005,Series Production Experience,Production-defect review,"Analytical or empirical control using production-defect review methodologies to verify design limits, ensure structural/functional integrity, and prevent premature failure during product lifecycle.",P,"Design Rule Compliance, Process Capability Index (Cpk) & Risk Priority Number","Ensure component meets all series production experience performance metrics, operating envelope requirements, and durability targets under peak load.",Failure to satisfy production-defect review criteria leading to functional degradation or field performance issues.,3,N/A
CTL-27-006,Series Production Experience,Scrap analysis,"Analytical or empirical control using scrap analysis methodologies to verify design limits, ensure structural/functional integrity, and prevent premature failure during product lifecycle.",P,"Geometry, Structural Stress, Thermal Limit & Assembly Tolerances","Ensure component meets all series production experience performance metrics, operating envelope requirements, and durability targets under peak load.",Failure to satisfy scrap analysis criteria leading to functional degradation or field performance issues.,3,N/A
CTL-27-007,Series Production Experience,Rework analysis,"Analytical or empirical control using rework analysis methodologies to verify design limits, ensure structural/functional integrity, and prevent premature failure during product lifecycle.",P,"Geometry, Structural Stress, Thermal Limit & Assembly Tolerances","Ensure component meets all series production experience performance metrics, operating envelope requirements, and durability targets under peak load.",Failure to satisfy rework analysis criteria leading to functional degradation or field performance issues.,3,N/A
CTL-27-008,Series Production Experience,Assembly issue review,"Analytical or empirical control using assembly issue review methodologies to verify design limits, ensure structural/functional integrity, and prevent premature failure during product lifecycle.",P,"Design Rule Compliance, Process Capability Index (Cpk) & Risk Priority Number","Ensure component meets all series production experience performance metrics, operating envelope requirements, and durability targets under peak load.",Failure to satisfy assembly issue review criteria leading to functional degradation or field performance issues.,3,N/A
CTL-27-009,Series Production Experience,Manufacturing feedback,"Analytical or empirical control using manufacturing feedback methodologies to verify design limits, ensure structural/functional integrity, and prevent premature failure during product lifecycle.",P,"Geometry, Structural Stress, Thermal Limit & Assembly Tolerances","Ensure component meets all series production experience performance metrics, operating envelope requirements, and durability targets under peak load.",Failure to satisfy manufacturing feedback criteria leading to functional degradation or field performance issues.,3,N/A
CTL-27-010,Series Production Experience,Process capability history,"Analytical or empirical control using process capability history methodologies to verify design limits, ensure structural/functional integrity, and prevent premature failure during product lifecycle.",D,"Geometry, Structural Stress, Thermal Limit & Assembly Tolerances","Ensure component meets all series production experience performance metrics, operating envelope requirements, and durability targets under peak load.",Failure to satisfy process capability history criteria leading to functional degradation or field performance issues.,N/A,3
CTL-27-011,Series Production Experience,Supplier issue history,"Analytical or empirical control using supplier issue history methodologies to verify design limits, ensure structural/functional integrity, and prevent premature failure during product lifecycle.",D,"Geometry, Structural Stress, Thermal Limit & Assembly Tolerances","Ensure component meets all series production experience performance metrics, operating envelope requirements, and durability targets under peak load.",Failure to satisfy supplier issue history criteria leading to functional degradation or field performance issues.,N/A,3
CTL-27-012,Series Production Experience,Previous test failure review,"Analytical or empirical control using previous test failure review methodologies to verify design limits, ensure structural/functional integrity, and prevent premature failure during product lifecycle.",D,"Design Rule Compliance, Process Capability Index (Cpk) & Risk Priority Number","Ensure component meets all series production experience performance metrics, operating envelope requirements, and durability targets under peak load.",Failure to satisfy previous test failure review criteria leading to functional degradation or field performance issues.,N/A,3
CTL-27-013,Series Production Experience,Previous 8D review,"Analytical or empirical control using previous 8d review methodologies to verify design limits, ensure structural/functional integrity, and prevent premature failure during product lifecycle.",D,"Design Rule Compliance, Process Capability Index (Cpk) & Risk Priority Number","Ensure component meets all series production experience performance metrics, operating envelope requirements, and durability targets under peak load.",Failure to satisfy previous 8d review criteria leading to functional degradation or field performance issues.,N/A,3
CTL-27-014,Series Production Experience,Previous corrective-action review,"Analytical or empirical control using previous corrective-action review methodologies to verify design limits, ensure structural/functional integrity, and prevent premature failure during product lifecycle.",P,"Design Rule Compliance, Process Capability Index (Cpk) & Risk Priority Number","Ensure component meets all series production experience performance metrics, operating envelope requirements, and durability targets under peak load.",Failure to satisfy previous corrective-action review criteria leading to functional degradation or field performance issues.,3,N/A
CTL-27-015,Series Production Experience,Proven design reuse,"Analytical or empirical control using proven design reuse methodologies to verify design limits, ensure structural/functional integrity, and prevent premature failure during product lifecycle.",P,"Geometry, Structural Stress, Thermal Limit & Assembly Tolerances","Ensure component meets all series production experience performance metrics, operating envelope requirements, and durability targets under peak load.",Failure to satisfy proven design reuse criteria leading to functional degradation or field performance issues.,3,N/A
CTL-27-016,Series Production Experience,Proven component reuse,"Analytical or empirical control using proven component reuse methodologies to verify design limits, ensure structural/functional integrity, and prevent premature failure during product lifecycle.",P,"Geometry, Structural Stress, Thermal Limit & Assembly Tolerances","Ensure component meets all series production experience performance metrics, operating envelope requirements, and durability targets under peak load.",Failure to satisfy proven component reuse criteria leading to functional degradation or field performance issues.,3,N/A
CTL-27-017,Series Production Experience,Proven material reuse,"Analytical or empirical control using proven material reuse methodologies to verify design limits, ensure structural/functional integrity, and prevent premature failure during product lifecycle.",P,"Geometry, Structural Stress, Thermal Limit & Assembly Tolerances","Ensure component meets all series production experience performance metrics, operating envelope requirements, and durability targets under peak load.",Failure to satisfy proven material reuse criteria leading to functional degradation or field performance issues.,3,N/A
CTL-27-018,Series Production Experience,Proven tolerance reuse,"Analytical or empirical control using proven tolerance reuse methodologies to verify design limits, ensure structural/functional integrity, and prevent premature failure during product lifecycle.",P,"GD&T Feature Position, Profile Tolerance & Dimensional Clearance Envelope","Ensure component meets all series production experience performance metrics, operating envelope requirements, and durability targets under peak load.","Mechanical binding, assembly jam, interference fit failure, or excessive clearance slap.",3,N/A
CTL-27-019,Series Production Experience,Production lessons learned,"Analytical or empirical control using production lessons learned methodologies to verify design limits, ensure structural/functional integrity, and prevent premature failure during product lifecycle.",P,"Design Rule Compliance, Process Capability Index (Cpk) & Risk Priority Number","Ensure component meets all series production experience performance metrics, operating envelope requirements, and durability targets under peak load.",Failure to satisfy production lessons learned criteria leading to functional degradation or field performance issues.,3,N/A
CTL-27-020,Series Production Experience,Manufacturing lessons learned,"Analytical or empirical control using manufacturing lessons learned methodologies to verify design limits, ensure structural/functional integrity, and prevent premature failure during product lifecycle.",P,"Design Rule Compliance, Process Capability Index (Cpk) & Risk Priority Number","Ensure component meets all series production experience performance metrics, operating envelope requirements, and durability targets under peak load.",Failure to satisfy manufacturing lessons learned criteria leading to functional degradation or field performance issues.,3,N/A
CTL-28-001,Warranty / Field Experience,Warranty-data review,"Analytical or empirical control using warranty-data review methodologies to verify design limits, ensure structural/functional integrity, and prevent premature failure during product lifecycle.",P,"Design Rule Compliance, Process Capability Index (Cpk) & Risk Priority Number","Ensure long-term product dependability, rapid root-cause containment, and continuous engineering knowledge transfer.",Failure to satisfy warranty-data review criteria leading to functional degradation or field performance issues.,3,N/A
CTL-28-002,Warranty / Field Experience,Customer complaint analysis,"Analytical or empirical control using customer complaint analysis methodologies to verify design limits, ensure structural/functional integrity, and prevent premature failure during product lifecycle.",P,"Geometry, Structural Stress, Thermal Limit & Assembly Tolerances","Ensure long-term product dependability, rapid root-cause containment, and continuous engineering knowledge transfer.",Failure to satisfy customer complaint analysis criteria leading to functional degradation or field performance issues.,3,N/A
CTL-28-003,Warranty / Field Experience,Field-return analysis,"Analytical or empirical control using field-return analysis methodologies to verify design limits, ensure structural/functional integrity, and prevent premature failure during product lifecycle.",P,"Geometry, Structural Stress, Thermal Limit & Assembly Tolerances","Ensure long-term product dependability, rapid root-cause containment, and continuous engineering knowledge transfer.",Failure to satisfy field-return analysis criteria leading to functional degradation or field performance issues.,3,N/A
CTL-28-004,Warranty / Field Experience,Failure-rate analysis,"Analytical or empirical control using failure-rate analysis methodologies to verify design limits, ensure structural/functional integrity, and prevent premature failure during product lifecycle.",P,"Geometry, Structural Stress, Thermal Limit & Assembly Tolerances","Ensure long-term product dependability, rapid root-cause containment, and continuous engineering knowledge transfer.",Failure to satisfy failure-rate analysis criteria leading to functional degradation or field performance issues.,3,N/A
CTL-28-005,Warranty / Field Experience,Failure-mode trend,"Analytical or empirical control using failure-mode trend methodologies to verify design limits, ensure structural/functional integrity, and prevent premature failure during product lifecycle.",P,"Geometry, Structural Stress, Thermal Limit & Assembly Tolerances","Ensure long-term product dependability, rapid root-cause containment, and continuous engineering knowledge transfer.",Failure to satisfy failure-mode trend criteria leading to functional degradation or field performance issues.,3,N/A
CTL-28-006,Warranty / Field Experience,Warranty Pareto,"Analytical or empirical control using warranty pareto methodologies to verify design limits, ensure structural/functional integrity, and prevent premature failure during product lifecycle.",D,"Mean Time Between Failures (MTBF), Weibull Beta/Eta & Warranty Return Rate","Ensure long-term product dependability, rapid root-cause containment, and continuous engineering knowledge transfer.",Failure to satisfy warranty pareto criteria leading to functional degradation or field performance issues.,N/A,3
CTL-28-007,Warranty / Field Experience,Field failure analysis,"Analytical or empirical control using field failure analysis methodologies to verify design limits, ensure structural/functional integrity, and prevent premature failure during product lifecycle.",P,"Geometry, Structural Stress, Thermal Limit & Assembly Tolerances","Ensure long-term product dependability, rapid root-cause containment, and continuous engineering knowledge transfer.",Failure to satisfy field failure analysis criteria leading to functional degradation or field performance issues.,3,N/A
CTL-28-008,Warranty / Field Experience,Teardown analysis,"Analytical or empirical control using teardown analysis methodologies to verify design limits, ensure structural/functional integrity, and prevent premature failure during product lifecycle.",P,"Geometry, Structural Stress, Thermal Limit & Assembly Tolerances","Ensure long-term product dependability, rapid root-cause containment, and continuous engineering knowledge transfer.",Failure to satisfy teardown analysis criteria leading to functional degradation or field performance issues.,3,N/A
CTL-28-009,Warranty / Field Experience,Root-cause analysis,"Analytical or empirical control using root-cause analysis methodologies to verify design limits, ensure structural/functional integrity, and prevent premature failure during product lifecycle.",P,"Geometry, Structural Stress, Thermal Limit & Assembly Tolerances","Ensure long-term product dependability, rapid root-cause containment, and continuous engineering knowledge transfer.",Failure to satisfy root-cause analysis criteria leading to functional degradation or field performance issues.,3,N/A
CTL-28-010,Warranty / Field Experience,8D,"Analytical or empirical control using 8d methodologies to verify design limits, ensure structural/functional integrity, and prevent premature failure during product lifecycle.",D,"Geometry, Structural Stress, Thermal Limit & Assembly Tolerances","Ensure long-term product dependability, rapid root-cause containment, and continuous engineering knowledge transfer.",Failure to satisfy 8d criteria leading to functional degradation or field performance issues.,N/A,3
CTL-28-011,Warranty / Field Experience,Corrective-action effectiveness,"Analytical or empirical control using corrective-action effectiveness methodologies to verify design limits, ensure structural/functional integrity, and prevent premature failure during product lifecycle.",P,"Geometry, Structural Stress, Thermal Limit & Assembly Tolerances","Ensure long-term product dependability, rapid root-cause containment, and continuous engineering knowledge transfer.",Failure to satisfy corrective-action effectiveness criteria leading to functional degradation or field performance issues.,3,N/A
CTL-28-012,Warranty / Field Experience,Warranty-to-DFMEA feedback,"Analytical or empirical control using warranty-to-dfmea feedback methodologies to verify design limits, ensure structural/functional integrity, and prevent premature failure during product lifecycle.",P,"Design Rule Compliance, Process Capability Index (Cpk) & Risk Priority Number","Ensure long-term product dependability, rapid root-cause containment, and continuous engineering knowledge transfer.",Failure to satisfy warranty-to-dfmea feedback criteria leading to functional degradation or field performance issues.,3,N/A
CTL-28-013,Warranty / Field Experience,Field-to-design feedback,"Analytical or empirical control using field-to-design feedback methodologies to verify design limits, ensure structural/functional integrity, and prevent premature failure during product lifecycle.",P,"Geometry, Structural Stress, Thermal Limit & Assembly Tolerances","Ensure long-term product dependability, rapid root-cause containment, and continuous engineering knowledge transfer.",Failure to satisfy field-to-design feedback criteria leading to functional degradation or field performance issues.,3,N/A
CTL-28-014,Warranty / Field Experience,Field-to-guideline feedback,"Analytical or empirical control using field-to-guideline feedback methodologies to verify design limits, ensure structural/functional integrity, and prevent premature failure during product lifecycle.",P,"Geometry, Structural Stress, Thermal Limit & Assembly Tolerances","Ensure long-term product dependability, rapid root-cause containment, and continuous engineering knowledge transfer.",Failure to satisfy field-to-guideline feedback criteria leading to functional degradation or field performance issues.,2,N/A
CTL-28-015,Warranty / Field Experience,Field-to-lessons-learned feedback,"Analytical or empirical control using field-to-lessons-learned feedback methodologies to verify design limits, ensure structural/functional integrity, and prevent premature failure during product lifecycle.",P,"Design Rule Compliance, Process Capability Index (Cpk) & Risk Priority Number","Ensure long-term product dependability, rapid root-cause containment, and continuous engineering knowledge transfer.",Failure to satisfy field-to-lessons-learned feedback criteria leading to functional degradation or field performance issues.,3,N/A
CTL-29-001,Lessons Learned,Lessons-learned database,"Analytical or empirical control using lessons-learned database methodologies to verify design limits, ensure structural/functional integrity, and prevent premature failure during product lifecycle.",P,"Design Rule Compliance, Process Capability Index (Cpk) & Risk Priority Number","Ensure long-term product dependability, rapid root-cause containment, and continuous engineering knowledge transfer.",Failure to satisfy lessons-learned database criteria leading to functional degradation or field performance issues.,3,N/A
CTL-29-002,Lessons Learned,Previous failure review,"Analytical or empirical control using previous failure review methodologies to verify design limits, ensure structural/functional integrity, and prevent premature failure during product lifecycle.",P,"Design Rule Compliance, Process Capability Index (Cpk) & Risk Priority Number","Ensure long-term product dependability, rapid root-cause containment, and continuous engineering knowledge transfer.",Failure to satisfy previous failure review criteria leading to functional degradation or field performance issues.,3,N/A
CTL-29-003,Lessons Learned,Previous design-change review,"Analytical or empirical control using previous design-change review methodologies to verify design limits, ensure structural/functional integrity, and prevent premature failure during product lifecycle.",P,"Design Rule Compliance, Process Capability Index (Cpk) & Risk Priority Number","Ensure long-term product dependability, rapid root-cause containment, and continuous engineering knowledge transfer.",Failure to satisfy previous design-change review criteria leading to functional degradation or field performance issues.,3,N/A
CTL-29-004,Lessons Learned,Previous warranty lesson,"Analytical or empirical control using previous warranty lesson methodologies to verify design limits, ensure structural/functional integrity, and prevent premature failure during product lifecycle.",P,"Design Rule Compliance, Process Capability Index (Cpk) & Risk Priority Number","Ensure long-term product dependability, rapid root-cause containment, and continuous engineering knowledge transfer.",Failure to satisfy previous warranty lesson criteria leading to functional degradation or field performance issues.,3,N/A
CTL-29-005,Lessons Learned,Previous production lesson,"Analytical or empirical control using previous production lesson methodologies to verify design limits, ensure structural/functional integrity, and prevent premature failure during product lifecycle.",P,"Design Rule Compliance, Process Capability Index (Cpk) & Risk Priority Number","Ensure long-term product dependability, rapid root-cause containment, and continuous engineering knowledge transfer.",Failure to satisfy previous production lesson criteria leading to functional degradation or field performance issues.,3,N/A
CTL-29-006,Lessons Learned,Previous supplier lesson,"Analytical or empirical control using previous supplier lesson methodologies to verify design limits, ensure structural/functional integrity, and prevent premature failure during product lifecycle.",P,"Design Rule Compliance, Process Capability Index (Cpk) & Risk Priority Number","Ensure long-term product dependability, rapid root-cause containment, and continuous engineering knowledge transfer.",Failure to satisfy previous supplier lesson criteria leading to functional degradation or field performance issues.,3,N/A
CTL-29-007,Lessons Learned,Previous validation lesson,"Analytical or empirical control using previous validation lesson methodologies to verify design limits, ensure structural/functional integrity, and prevent premature failure during product lifecycle.",D,"Design Rule Compliance, Process Capability Index (Cpk) & Risk Priority Number","Ensure long-term product dependability, rapid root-cause containment, and continuous engineering knowledge transfer.",Failure to satisfy previous validation lesson criteria leading to functional degradation or field performance issues.,N/A,3
CTL-29-008,Lessons Learned,Previous simulation lesson,"Analytical or empirical control using previous simulation lesson methodologies to verify design limits, ensure structural/functional integrity, and prevent premature failure during product lifecycle.",P,"Design Rule Compliance, Process Capability Index (Cpk) & Risk Priority Number","Ensure long-term product dependability, rapid root-cause containment, and continuous engineering knowledge transfer.",Failure to satisfy previous simulation lesson criteria leading to functional degradation or field performance issues.,2,N/A
CTL-29-009,Lessons Learned,Previous material lesson,"Analytical or empirical control using previous material lesson methodologies to verify design limits, ensure structural/functional integrity, and prevent premature failure during product lifecycle.",P,"Design Rule Compliance, Process Capability Index (Cpk) & Risk Priority Number","Ensure long-term product dependability, rapid root-cause containment, and continuous engineering knowledge transfer.",Failure to satisfy previous material lesson criteria leading to functional degradation or field performance issues.,3,N/A
CTL-29-010,Lessons Learned,Previous manufacturing lesson,"Analytical or empirical control using previous manufacturing lesson methodologies to verify design limits, ensure structural/functional integrity, and prevent premature failure during product lifecycle.",P,"Design Rule Compliance, Process Capability Index (Cpk) & Risk Priority Number","Ensure long-term product dependability, rapid root-cause containment, and continuous engineering knowledge transfer.",Failure to satisfy previous manufacturing lesson criteria leading to functional degradation or field performance issues.,3,N/A
CTL-29-011,Lessons Learned,Previous assembly lesson,"Analytical or empirical control using previous assembly lesson methodologies to verify design limits, ensure structural/functional integrity, and prevent premature failure during product lifecycle.",P,"Design Rule Compliance, Process Capability Index (Cpk) & Risk Priority Number","Ensure long-term product dependability, rapid root-cause containment, and continuous engineering knowledge transfer.",Failure to satisfy previous assembly lesson criteria leading to functional degradation or field performance issues.,3,N/A
CTL-29-012,Lessons Learned,Previous service lesson,"Analytical or empirical control using previous service lesson methodologies to verify design limits, ensure structural/functional integrity, and prevent premature failure during product lifecycle.",P,"Design Rule Compliance, Process Capability Index (Cpk) & Risk Priority Number","Ensure long-term product dependability, rapid root-cause containment, and continuous engineering knowledge transfer.",Failure to satisfy previous service lesson criteria leading to functional degradation or field performance issues.,3,N/A
CTL-29-013,Lessons Learned,Cross-platform lesson transfer,"Analytical or empirical control using cross-platform lesson transfer methodologies to verify design limits, ensure structural/functional integrity, and prevent premature failure during product lifecycle.",P,"Design Rule Compliance, Process Capability Index (Cpk) & Risk Priority Number","Ensure long-term product dependability, rapid root-cause containment, and continuous engineering knowledge transfer.",Failure to satisfy cross-platform lesson transfer criteria leading to functional degradation or field performance issues.,3,N/A
CTL-29-014,Lessons Learned,Platform/common-design review,"Analytical or empirical control using platform/common-design review methodologies to verify design limits, ensure structural/functional integrity, and prevent premature failure during product lifecycle.",P,"Design Rule Compliance, Process Capability Index (Cpk) & Risk Priority Number","Ensure long-term product dependability, rapid root-cause containment, and continuous engineering knowledge transfer.",Failure to satisfy platform/common-design review criteria leading to functional degradation or field performance issues.,3,N/A
CTL-29-015,Lessons Learned,Design-rule update,"Analytical or empirical control using design-rule update methodologies to verify design limits, ensure structural/functional integrity, and prevent premature failure during product lifecycle.",P,"Geometry, Structural Stress, Thermal Limit & Assembly Tolerances","Ensure long-term product dependability, rapid root-cause containment, and continuous engineering knowledge transfer.",Failure to satisfy design-rule update criteria leading to functional degradation or field performance issues.,3,N/A
CTL-29-016,Lessons Learned,Guideline update,"Analytical or empirical control using guideline update methodologies to verify design limits, ensure structural/functional integrity, and prevent premature failure during product lifecycle.",P,"Geometry, Structural Stress, Thermal Limit & Assembly Tolerances","Ensure long-term product dependability, rapid root-cause containment, and continuous engineering knowledge transfer.",Failure to satisfy guideline update criteria leading to functional degradation or field performance issues.,2,N/A
CTL-29-017,Lessons Learned,Checklist update,"Analytical or empirical control using checklist update methodologies to verify design limits, ensure structural/functional integrity, and prevent premature failure during product lifecycle.",D,"Geometry, Structural Stress, Thermal Limit & Assembly Tolerances","Ensure long-term product dependability, rapid root-cause containment, and continuous engineering knowledge transfer.",Failure to satisfy checklist update criteria leading to functional degradation or field performance issues.,N/A,3
CTL-29-018,Lessons Learned,DFMEA knowledge reuse,"Analytical or empirical control using dfmea knowledge reuse methodologies to verify design limits, ensure structural/functional integrity, and prevent premature failure during product lifecycle.",P,"Design Rule Compliance, Process Capability Index (Cpk) & Risk Priority Number","Ensure long-term product dependability, rapid root-cause containment, and continuous engineering knowledge transfer.",Failure to satisfy dfmea knowledge reuse criteria leading to functional degradation or field performance issues.,3,N/A
CTL-30-001,DFMEA,Function analysis,"Analytical or empirical control using function analysis methodologies to verify design limits, ensure structural/functional integrity, and prevent premature failure during product lifecycle.",P,"Geometry, Structural Stress, Thermal Limit & Assembly Tolerances","Optimize component design for error-proof assembly, automated manufacturing, and low production cycle time.",Failure to satisfy function analysis criteria leading to functional degradation or field performance issues.,3,N/A
CTL-30-002,DFMEA,Structure analysis,"Analytical or empirical control using structure analysis methodologies to verify design limits, ensure structural/functional integrity, and prevent premature failure during product lifecycle.",P,"Geometry, Structural Stress, Thermal Limit & Assembly Tolerances","Optimize component design for error-proof assembly, automated manufacturing, and low production cycle time.",Failure to satisfy structure analysis criteria leading to functional degradation or field performance issues.,3,N/A
CTL-30-003,DFMEA,Interface analysis,"Analytical or empirical control using interface analysis methodologies to verify design limits, ensure structural/functional integrity, and prevent premature failure during product lifecycle.",P,"Geometry, Structural Stress, Thermal Limit & Assembly Tolerances","Optimize component design for error-proof assembly, automated manufacturing, and low production cycle time.",Failure to satisfy interface analysis criteria leading to functional degradation or field performance issues.,3,N/A
CTL-30-004,DFMEA,P-diagram,"Analytical or empirical control using p-diagram methodologies to verify design limits, ensure structural/functional integrity, and prevent premature failure during product lifecycle.",P,"Geometry, Structural Stress, Thermal Limit & Assembly Tolerances","Optimize component design for error-proof assembly, automated manufacturing, and low production cycle time.",Failure to satisfy p-diagram criteria leading to functional degradation or field performance issues.,3,N/A
CTL-30-005,DFMEA,Boundary diagram,"Analytical or empirical control using boundary diagram methodologies to verify design limits, ensure structural/functional integrity, and prevent premature failure during product lifecycle.",P,"Geometry, Structural Stress, Thermal Limit & Assembly Tolerances","Optimize component design for error-proof assembly, automated manufacturing, and low production cycle time.",Failure to satisfy boundary diagram criteria leading to functional degradation or field performance issues.,3,N/A
CTL-30-006,DFMEA,Failure-mode identification,"Analytical or empirical control using failure-mode identification methodologies to verify design limits, ensure structural/functional integrity, and prevent premature failure during product lifecycle.",P,"Geometry, Structural Stress, Thermal Limit & Assembly Tolerances","Optimize component design for error-proof assembly, automated manufacturing, and low production cycle time.",Failure to satisfy failure-mode identification criteria leading to functional degradation or field performance issues.,3,N/A
CTL-30-007,DFMEA,Failure-effect identification,"Analytical or empirical control using failure-effect identification methodologies to verify design limits, ensure structural/functional integrity, and prevent premature failure during product lifecycle.",P,"Geometry, Structural Stress, Thermal Limit & Assembly Tolerances","Optimize component design for error-proof assembly, automated manufacturing, and low production cycle time.",Failure to satisfy failure-effect identification criteria leading to functional degradation or field performance issues.,3,N/A
CTL-30-008,DFMEA,Failure-cause identification,"Analytical or empirical control using failure-cause identification methodologies to verify design limits, ensure structural/functional integrity, and prevent premature failure during product lifecycle.",P,"Geometry, Structural Stress, Thermal Limit & Assembly Tolerances","Optimize component design for error-proof assembly, automated manufacturing, and low production cycle time.",Failure to satisfy failure-cause identification criteria leading to functional degradation or field performance issues.,3,N/A
CTL-30-009,DFMEA,Prevention-control identification,"Analytical or empirical control using prevention-control identification methodologies to verify design limits, ensure structural/functional integrity, and prevent premature failure during product lifecycle.",P,"Geometry, Structural Stress, Thermal Limit & Assembly Tolerances","Optimize component design for error-proof assembly, automated manufacturing, and low production cycle time.",Failure to satisfy prevention-control identification criteria leading to functional degradation or field performance issues.,3,N/A
CTL-30-010,DFMEA,Detection-control identification,"Analytical or empirical control using detection-control identification methodologies to verify design limits, ensure structural/functional integrity, and prevent premature failure during product lifecycle.",P,"Geometry, Structural Stress, Thermal Limit & Assembly Tolerances","Optimize component design for error-proof assembly, automated manufacturing, and low production cycle time.",Failure to satisfy detection-control identification criteria leading to functional degradation or field performance issues.,3,N/A
CTL-30-011,DFMEA,Special-characteristic identification,"Analytical or empirical control using special-characteristic identification methodologies to verify design limits, ensure structural/functional integrity, and prevent premature failure during product lifecycle.",P,"Geometry, Structural Stress, Thermal Limit & Assembly Tolerances","Optimize component design for error-proof assembly, automated manufacturing, and low production cycle time.",Failure to satisfy special-characteristic identification criteria leading to functional degradation or field performance issues.,3,N/A
CTL-30-012,DFMEA,Safety-risk analysis,"Analytical or empirical control using safety-risk analysis methodologies to verify design limits, ensure structural/functional integrity, and prevent premature failure during product lifecycle.",P,"Geometry, Structural Stress, Thermal Limit & Assembly Tolerances","Optimize component design for error-proof assembly, automated manufacturing, and low production cycle time.",Failure to satisfy safety-risk analysis criteria leading to functional degradation or field performance issues.,3,N/A
CTL-30-013,DFMEA,Current-control effectiveness review,"Analytical or empirical control using current-control effectiveness review methodologies to verify design limits, ensure structural/functional integrity, and prevent premature failure during product lifecycle.",P,"Design Rule Compliance, Process Capability Index (Cpk) & Risk Priority Number","Optimize component design for error-proof assembly, automated manufacturing, and low production cycle time.",Failure to satisfy current-control effectiveness review criteria leading to functional degradation or field performance issues.,3,N/A
CTL-30-014,DFMEA,Action prioritization,"Analytical or empirical control using action prioritization methodologies to verify design limits, ensure structural/functional integrity, and prevent premature failure during product lifecycle.",P,"Geometry, Structural Stress, Thermal Limit & Assembly Tolerances","Optimize component design for error-proof assembly, automated manufacturing, and low production cycle time.",Failure to satisfy action prioritization criteria leading to functional degradation or field performance issues.,3,N/A
CTL-30-015,DFMEA,Requirement-to-DFMEA linkage,"Analytical or empirical control using requirement-to-dfmea linkage methodologies to verify design limits, ensure structural/functional integrity, and prevent premature failure during product lifecycle.",P,"Design Rule Compliance, Process Capability Index (Cpk) & Risk Priority Number","Optimize component design for error-proof assembly, automated manufacturing, and low production cycle time.",Failure to satisfy requirement-to-dfmea linkage criteria leading to functional degradation or field performance issues.,3,N/A
CTL-30-016,DFMEA,Test-to-DFMEA linkage,"Analytical or empirical control using test-to-dfmea linkage methodologies to verify design limits, ensure structural/functional integrity, and prevent premature failure during product lifecycle.",P,"Design Rule Compliance, Process Capability Index (Cpk) & Risk Priority Number","Optimize component design for error-proof assembly, automated manufacturing, and low production cycle time.",Failure to satisfy test-to-dfmea linkage criteria leading to functional degradation or field performance issues.,3,N/A
CTL-30-017,DFMEA,Lessons-learned-to-DFMEA linkage,"Analytical or empirical control using lessons-learned-to-dfmea linkage methodologies to verify design limits, ensure structural/functional integrity, and prevent premature failure during product lifecycle.",P,"Design Rule Compliance, Process Capability Index (Cpk) & Risk Priority Number","Optimize component design for error-proof assembly, automated manufacturing, and low production cycle time.",Failure to satisfy lessons-learned-to-dfmea linkage criteria leading to functional degradation or field performance issues.,3,N/A
CTL-30-018,DFMEA,Field-data-to-DFMEA update,"Analytical or empirical control using field-data-to-dfmea update methodologies to verify design limits, ensure structural/functional integrity, and prevent premature failure during product lifecycle.",P,"Design Rule Compliance, Process Capability Index (Cpk) & Risk Priority Number","Optimize component design for error-proof assembly, automated manufacturing, and low production cycle time.",Failure to satisfy field-data-to-dfmea update criteria leading to functional degradation or field performance issues.,3,N/A
CTL-30-019,DFMEA,DFMEA multidisciplinary review,"Analytical or empirical control using dfmea multidisciplinary review methodologies to verify design limits, ensure structural/functional integrity, and prevent premature failure during product lifecycle.",P,"Design Rule Compliance, Process Capability Index (Cpk) & Risk Priority Number","Optimize component design for error-proof assembly, automated manufacturing, and low production cycle time.",Failure to satisfy dfmea multidisciplinary review criteria leading to functional degradation or field performance issues.,3,N/A
CTL-30-020,DFMEA,DFMEA closure review,"Analytical or empirical control using dfmea closure review methodologies to verify design limits, ensure structural/functional integrity, and prevent premature failure during product lifecycle.",P,"Design Rule Compliance, Process Capability Index (Cpk) & Risk Priority Number","Optimize component design for error-proof assembly, automated manufacturing, and low production cycle time.",Failure to satisfy dfmea closure review criteria leading to functional degradation or field performance issues.,3,N/A
CTL-31-001,Design Review,Concept review,"Analytical or empirical control using concept review methodologies to verify design limits, ensure structural/functional integrity, and prevent premature failure during product lifecycle.",P,"Design Rule Compliance, Process Capability Index (Cpk) & Risk Priority Number","Systematically identify failure modes, enforce design reviews, control engineering modifications, and manage supplier quality.",Failure to satisfy concept review criteria leading to functional degradation or field performance issues.,3,N/A
CTL-31-002,Design Review,Architecture review,"Analytical or empirical control using architecture review methodologies to verify design limits, ensure structural/functional integrity, and prevent premature failure during product lifecycle.",P,"Design Rule Compliance, Process Capability Index (Cpk) & Risk Priority Number","Systematically identify failure modes, enforce design reviews, control engineering modifications, and manage supplier quality.",Failure to satisfy architecture review criteria leading to functional degradation or field performance issues.,3,N/A
CTL-31-003,Design Review,Preliminary design review,"Analytical or empirical control using preliminary design review methodologies to verify design limits, ensure structural/functional integrity, and prevent premature failure during product lifecycle.",P,"Design Rule Compliance, Process Capability Index (Cpk) & Risk Priority Number","Systematically identify failure modes, enforce design reviews, control engineering modifications, and manage supplier quality.",Failure to satisfy preliminary design review criteria leading to functional degradation or field performance issues.,3,N/A
CTL-31-004,Design Review,Detailed design review,"Analytical or empirical control using detailed design review methodologies to verify design limits, ensure structural/functional integrity, and prevent premature failure during product lifecycle.",P,"Design Rule Compliance, Process Capability Index (Cpk) & Risk Priority Number","Systematically identify failure modes, enforce design reviews, control engineering modifications, and manage supplier quality.",Failure to satisfy detailed design review criteria leading to functional degradation or field performance issues.,3,N/A
CTL-31-005,Design Review,Critical design review,"Analytical or empirical control using critical design review methodologies to verify design limits, ensure structural/functional integrity, and prevent premature failure during product lifecycle.",P,"Design Rule Compliance, Process Capability Index (Cpk) & Risk Priority Number","Systematically identify failure modes, enforce design reviews, control engineering modifications, and manage supplier quality.",Failure to satisfy critical design review criteria leading to functional degradation or field performance issues.,3,N/A
CTL-31-006,Design Review,Peer review,"Analytical or empirical control using peer review methodologies to verify design limits, ensure structural/functional integrity, and prevent premature failure during product lifecycle.",P,"Design Rule Compliance, Process Capability Index (Cpk) & Risk Priority Number","Systematically identify failure modes, enforce design reviews, control engineering modifications, and manage supplier quality.",Failure to satisfy peer review criteria leading to functional degradation or field performance issues.,3,N/A
CTL-31-007,Design Review,Cross-functional review,"Analytical or empirical control using cross-functional review methodologies to verify design limits, ensure structural/functional integrity, and prevent premature failure during product lifecycle.",P,"Design Rule Compliance, Process Capability Index (Cpk) & Risk Priority Number","Systematically identify failure modes, enforce design reviews, control engineering modifications, and manage supplier quality.",Failure to satisfy cross-functional review criteria leading to functional degradation or field performance issues.,3,N/A
CTL-31-008,Design Review,Manufacturing review,"Analytical or empirical control using manufacturing review methodologies to verify design limits, ensure structural/functional integrity, and prevent premature failure during product lifecycle.",P,"Design Rule Compliance, Process Capability Index (Cpk) & Risk Priority Number","Systematically identify failure modes, enforce design reviews, control engineering modifications, and manage supplier quality.",Failure to satisfy manufacturing review criteria leading to functional degradation or field performance issues.,3,N/A
CTL-31-009,Design Review,Supplier review,"Analytical or empirical control using supplier review methodologies to verify design limits, ensure structural/functional integrity, and prevent premature failure during product lifecycle.",P,"Design Rule Compliance, Process Capability Index (Cpk) & Risk Priority Number","Systematically identify failure modes, enforce design reviews, control engineering modifications, and manage supplier quality.",Failure to satisfy supplier review criteria leading to functional degradation or field performance issues.,3,N/A
CTL-31-010,Design Review,Reliability review,"Analytical or empirical control using reliability review methodologies to verify design limits, ensure structural/functional integrity, and prevent premature failure during product lifecycle.",P,"Design Rule Compliance, Process Capability Index (Cpk) & Risk Priority Number","Systematically identify failure modes, enforce design reviews, control engineering modifications, and manage supplier quality.",Failure to satisfy reliability review criteria leading to functional degradation or field performance issues.,3,N/A
CTL-31-011,Design Review,Safety review,"Analytical or empirical control using safety review methodologies to verify design limits, ensure structural/functional integrity, and prevent premature failure during product lifecycle.",P,"Design Rule Compliance, Process Capability Index (Cpk) & Risk Priority Number","Systematically identify failure modes, enforce design reviews, control engineering modifications, and manage supplier quality.",Failure to satisfy safety review criteria leading to functional degradation or field performance issues.,3,N/A
CTL-31-012,Design Review,NVH review,"Analytical or empirical control using nvh review methodologies to verify design limits, ensure structural/functional integrity, and prevent premature failure during product lifecycle.",P,"Natural Frequency (Hz), Vibration Amplitude & Sound Pressure Level (dB)","Systematically identify failure modes, enforce design reviews, control engineering modifications, and manage supplier quality.",Failure to satisfy nvh review criteria leading to functional degradation or field performance issues.,3,N/A
CTL-31-013,Design Review,Service review,"Analytical or empirical control using service review methodologies to verify design limits, ensure structural/functional integrity, and prevent premature failure during product lifecycle.",P,"Design Rule Compliance, Process Capability Index (Cpk) & Risk Priority Number","Systematically identify failure modes, enforce design reviews, control engineering modifications, and manage supplier quality.",Failure to satisfy service review criteria leading to functional degradation or field performance issues.,3,N/A
CTL-31-014,Design Review,Calculation review,"Analytical or empirical control using calculation review methodologies to verify design limits, ensure structural/functional integrity, and prevent premature failure during product lifecycle.",P,"Design Rule Compliance, Process Capability Index (Cpk) & Risk Priority Number","Systematically identify failure modes, enforce design reviews, control engineering modifications, and manage supplier quality.",Failure to satisfy calculation review criteria leading to functional degradation or field performance issues.,3,N/A
CTL-31-015,Design Review,Simulation review,"Analytical or empirical control using simulation review methodologies to verify design limits, ensure structural/functional integrity, and prevent premature failure during product lifecycle.",P,"Design Rule Compliance, Process Capability Index (Cpk) & Risk Priority Number","Systematically identify failure modes, enforce design reviews, control engineering modifications, and manage supplier quality.",Failure to satisfy simulation review criteria leading to functional degradation or field performance issues.,2,N/A
CTL-31-016,Design Review,Drawing review,"Analytical or empirical control using drawing review methodologies to verify design limits, ensure structural/functional integrity, and prevent premature failure during product lifecycle.",P,"Design Rule Compliance, Process Capability Index (Cpk) & Risk Priority Number","Systematically identify failure modes, enforce design reviews, control engineering modifications, and manage supplier quality.",Failure to satisfy drawing review criteria leading to functional degradation or field performance issues.,3,N/A
CTL-31-017,Design Review,Requirement review,"Analytical or empirical control using requirement review methodologies to verify design limits, ensure structural/functional integrity, and prevent premature failure during product lifecycle.",P,"Design Rule Compliance, Process Capability Index (Cpk) & Risk Priority Number","Systematically identify failure modes, enforce design reviews, control engineering modifications, and manage supplier quality.",Failure to satisfy requirement review criteria leading to functional degradation or field performance issues.,3,N/A
CTL-31-018,Design Review,Test-plan review,"Analytical or empirical control using test-plan review methodologies to verify design limits, ensure structural/functional integrity, and prevent premature failure during product lifecycle.",D,"Design Rule Compliance, Process Capability Index (Cpk) & Risk Priority Number","Systematically identify failure modes, enforce design reviews, control engineering modifications, and manage supplier quality.",Failure to satisfy test-plan review criteria leading to functional degradation or field performance issues.,N/A,3
CTL-31-019,Design Review,Design-gate review,"Analytical or empirical control using design-gate review methodologies to verify design limits, ensure structural/functional integrity, and prevent premature failure during product lifecycle.",P,"Design Rule Compliance, Process Capability Index (Cpk) & Risk Priority Number","Systematically identify failure modes, enforce design reviews, control engineering modifications, and manage supplier quality.",Failure to satisfy design-gate review criteria leading to functional degradation or field performance issues.,3,N/A
CTL-31-020,Design Review,Independent review,"Analytical or empirical control using independent review methodologies to verify design limits, ensure structural/functional integrity, and prevent premature failure during product lifecycle.",P,"Design Rule Compliance, Process Capability Index (Cpk) & Risk Priority Number","Systematically identify failure modes, enforce design reviews, control engineering modifications, and manage supplier quality.",Failure to satisfy independent review criteria leading to functional degradation or field performance issues.,3,N/A
CTL-32-001,Engineering Change,Engineering change request,"Analytical or empirical control using engineering change request methodologies to verify design limits, ensure structural/functional integrity, and prevent premature failure during product lifecycle.",P,"Design Rule Compliance, Process Capability Index (Cpk) & Risk Priority Number","Systematically identify failure modes, enforce design reviews, control engineering modifications, and manage supplier quality.",Failure to satisfy engineering change request criteria leading to functional degradation or field performance issues.,3,N/A
CTL-32-002,Engineering Change,Change impact analysis,"Analytical or empirical control using change impact analysis methodologies to verify design limits, ensure structural/functional integrity, and prevent premature failure during product lifecycle.",P,"Design Rule Compliance, Process Capability Index (Cpk) & Risk Priority Number","Systematically identify failure modes, enforce design reviews, control engineering modifications, and manage supplier quality.",Failure to satisfy change impact analysis criteria leading to functional degradation or field performance issues.,3,N/A
CTL-32-003,Engineering Change,Change risk assessment,"Analytical or empirical control using change risk assessment methodologies to verify design limits, ensure structural/functional integrity, and prevent premature failure during product lifecycle.",P,"Design Rule Compliance, Process Capability Index (Cpk) & Risk Priority Number","Systematically identify failure modes, enforce design reviews, control engineering modifications, and manage supplier quality.",Failure to satisfy change risk assessment criteria leading to functional degradation or field performance issues.,3,N/A
CTL-32-004,Engineering Change,DFMEA impact review,"Analytical or empirical control using dfmea impact review methodologies to verify design limits, ensure structural/functional integrity, and prevent premature failure during product lifecycle.",P,"Design Rule Compliance, Process Capability Index (Cpk) & Risk Priority Number","Systematically identify failure modes, enforce design reviews, control engineering modifications, and manage supplier quality.",Failure to satisfy dfmea impact review criteria leading to functional degradation or field performance issues.,3,N/A
CTL-32-005,Engineering Change,Requirement impact review,"Analytical or empirical control using requirement impact review methodologies to verify design limits, ensure structural/functional integrity, and prevent premature failure during product lifecycle.",P,"Design Rule Compliance, Process Capability Index (Cpk) & Risk Priority Number","Systematically identify failure modes, enforce design reviews, control engineering modifications, and manage supplier quality.",Failure to satisfy requirement impact review criteria leading to functional degradation or field performance issues.,3,N/A
CTL-32-006,Engineering Change,Interface impact review,"Analytical or empirical control using interface impact review methodologies to verify design limits, ensure structural/functional integrity, and prevent premature failure during product lifecycle.",P,"Design Rule Compliance, Process Capability Index (Cpk) & Risk Priority Number","Systematically identify failure modes, enforce design reviews, control engineering modifications, and manage supplier quality.",Failure to satisfy interface impact review criteria leading to functional degradation or field performance issues.,3,N/A
CTL-32-007,Engineering Change,Calculation revalidation,"Analytical or empirical control using calculation revalidation methodologies to verify design limits, ensure structural/functional integrity, and prevent premature failure during product lifecycle.",P,"Geometry, Structural Stress, Thermal Limit & Assembly Tolerances","Systematically identify failure modes, enforce design reviews, control engineering modifications, and manage supplier quality.",Failure to satisfy calculation revalidation criteria leading to functional degradation or field performance issues.,3,N/A
CTL-32-008,Engineering Change,CAE revalidation,"Analytical or empirical control using cae revalidation methodologies to verify design limits, ensure structural/functional integrity, and prevent premature failure during product lifecycle.",D,"Geometry, Structural Stress, Thermal Limit & Assembly Tolerances","Systematically identify failure modes, enforce design reviews, control engineering modifications, and manage supplier quality.",Failure to satisfy cae revalidation criteria leading to functional degradation or field performance issues.,N/A,3
CTL-32-009,Engineering Change,Drawing review,"Analytical or empirical control using drawing review methodologies to verify design limits, ensure structural/functional integrity, and prevent premature failure during product lifecycle.",P,"Design Rule Compliance, Process Capability Index (Cpk) & Risk Priority Number","Systematically identify failure modes, enforce design reviews, control engineering modifications, and manage supplier quality.",Failure to satisfy drawing review criteria leading to functional degradation or field performance issues.,3,N/A
CTL-32-010,Engineering Change,Prototype evaluation,"Analytical or empirical control using prototype evaluation methodologies to verify design limits, ensure structural/functional integrity, and prevent premature failure during product lifecycle.",P,"Geometry, Structural Stress, Thermal Limit & Assembly Tolerances","Systematically identify failure modes, enforce design reviews, control engineering modifications, and manage supplier quality.",Failure to satisfy prototype evaluation criteria leading to functional degradation or field performance issues.,3,N/A
CTL-32-011,Engineering Change,DV revalidation,"Analytical or empirical control using dv revalidation methodologies to verify design limits, ensure structural/functional integrity, and prevent premature failure during product lifecycle.",D,"Geometry, Structural Stress, Thermal Limit & Assembly Tolerances","Systematically identify failure modes, enforce design reviews, control engineering modifications, and manage supplier quality.",Failure to satisfy dv revalidation criteria leading to functional degradation or field performance issues.,N/A,3
CTL-32-012,Engineering Change,PV revalidation,"Analytical or empirical control using pv revalidation methodologies to verify design limits, ensure structural/functional integrity, and prevent premature failure during product lifecycle.",D,"Geometry, Structural Stress, Thermal Limit & Assembly Tolerances","Systematically identify failure modes, enforce design reviews, control engineering modifications, and manage supplier quality.",Failure to satisfy pv revalidation criteria leading to functional degradation or field performance issues.,N/A,3
CTL-32-013,Engineering Change,Supplier impact review,"Analytical or empirical control using supplier impact review methodologies to verify design limits, ensure structural/functional integrity, and prevent premature failure during product lifecycle.",P,"Design Rule Compliance, Process Capability Index (Cpk) & Risk Priority Number","Systematically identify failure modes, enforce design reviews, control engineering modifications, and manage supplier quality.",Failure to satisfy supplier impact review criteria leading to functional degradation or field performance issues.,3,N/A
CTL-32-014,Engineering Change,Field impact review,"Analytical or empirical control using field impact review methodologies to verify design limits, ensure structural/functional integrity, and prevent premature failure during product lifecycle.",P,"Design Rule Compliance, Process Capability Index (Cpk) & Risk Priority Number","Systematically identify failure modes, enforce design reviews, control engineering modifications, and manage supplier quality.",Failure to satisfy field impact review criteria leading to functional degradation or field performance issues.,3,N/A
CTL-32-015,Engineering Change,Warranty impact review,"Analytical or empirical control using warranty impact review methodologies to verify design limits, ensure structural/functional integrity, and prevent premature failure during product lifecycle.",P,"Design Rule Compliance, Process Capability Index (Cpk) & Risk Priority Number","Systematically identify failure modes, enforce design reviews, control engineering modifications, and manage supplier quality.",Failure to satisfy warranty impact review criteria leading to functional degradation or field performance issues.,3,N/A
CTL-32-016,Engineering Change,Configuration control,"Analytical or empirical control using configuration control methodologies to verify design limits, ensure structural/functional integrity, and prevent premature failure during product lifecycle.",P,"Geometry, Structural Stress, Thermal Limit & Assembly Tolerances","Systematically identify failure modes, enforce design reviews, control engineering modifications, and manage supplier quality.",Failure to satisfy configuration control criteria leading to functional degradation or field performance issues.,3,N/A
CTL-32-017,Engineering Change,Revision control,"Analytical or empirical control using revision control methodologies to verify design limits, ensure structural/functional integrity, and prevent premature failure during product lifecycle.",P,"Geometry, Structural Stress, Thermal Limit & Assembly Tolerances","Systematically identify failure modes, enforce design reviews, control engineering modifications, and manage supplier quality.",Failure to satisfy revision control criteria leading to functional degradation or field performance issues.,3,N/A
CTL-32-018,Engineering Change,Change effectiveness review,"Analytical or empirical control using change effectiveness review methodologies to verify design limits, ensure structural/functional integrity, and prevent premature failure during product lifecycle.",P,"Design Rule Compliance, Process Capability Index (Cpk) & Risk Priority Number","Systematically identify failure modes, enforce design reviews, control engineering modifications, and manage supplier quality.",Failure to satisfy change effectiveness review criteria leading to functional degradation or field performance issues.,3,N/A
CTL-33-001,Supplier Design Review,Supplier feasibility review,"Analytical or empirical control using supplier feasibility review methodologies to verify design limits, ensure structural/functional integrity, and prevent premature failure during product lifecycle.",P,"Design Rule Compliance, Process Capability Index (Cpk) & Risk Priority Number","Systematically identify failure modes, enforce design reviews, control engineering modifications, and manage supplier quality.",Failure to satisfy supplier feasibility review criteria leading to functional degradation or field performance issues.,2,N/A
CTL-33-002,Supplier Design Review,Supplier requirement review,"Analytical or empirical control using supplier requirement review methodologies to verify design limits, ensure structural/functional integrity, and prevent premature failure during product lifecycle.",P,"Design Rule Compliance, Process Capability Index (Cpk) & Risk Priority Number","Systematically identify failure modes, enforce design reviews, control engineering modifications, and manage supplier quality.",Failure to satisfy supplier requirement review criteria leading to functional degradation or field performance issues.,3,N/A
CTL-33-003,Supplier Design Review,Supplier drawing review,"Analytical or empirical control using supplier drawing review methodologies to verify design limits, ensure structural/functional integrity, and prevent premature failure during product lifecycle.",P,"Design Rule Compliance, Process Capability Index (Cpk) & Risk Priority Number","Systematically identify failure modes, enforce design reviews, control engineering modifications, and manage supplier quality.",Failure to satisfy supplier drawing review criteria leading to functional degradation or field performance issues.,3,N/A
CTL-33-004,Supplier Design Review,Supplier DFMEA review,"Analytical or empirical control using supplier dfmea review methodologies to verify design limits, ensure structural/functional integrity, and prevent premature failure during product lifecycle.",P,"Design Rule Compliance, Process Capability Index (Cpk) & Risk Priority Number","Systematically identify failure modes, enforce design reviews, control engineering modifications, and manage supplier quality.",Failure to satisfy supplier dfmea review criteria leading to functional degradation or field performance issues.,3,N/A
CTL-33-005,Supplier Design Review,Supplier calculation review,"Analytical or empirical control using supplier calculation review methodologies to verify design limits, ensure structural/functional integrity, and prevent premature failure during product lifecycle.",P,"Design Rule Compliance, Process Capability Index (Cpk) & Risk Priority Number","Systematically identify failure modes, enforce design reviews, control engineering modifications, and manage supplier quality.",Failure to satisfy supplier calculation review criteria leading to functional degradation or field performance issues.,3,N/A
CTL-33-006,Supplier Design Review,Supplier simulation review,"Analytical or empirical control using supplier simulation review methodologies to verify design limits, ensure structural/functional integrity, and prevent premature failure during product lifecycle.",P,"Design Rule Compliance, Process Capability Index (Cpk) & Risk Priority Number","Systematically identify failure modes, enforce design reviews, control engineering modifications, and manage supplier quality.",Failure to satisfy supplier simulation review criteria leading to functional degradation or field performance issues.,2,N/A
CTL-33-007,Supplier Design Review,Supplier material review,"Analytical or empirical control using supplier material review methodologies to verify design limits, ensure structural/functional integrity, and prevent premature failure during product lifecycle.",P,"Design Rule Compliance, Process Capability Index (Cpk) & Risk Priority Number","Systematically identify failure modes, enforce design reviews, control engineering modifications, and manage supplier quality.",Failure to satisfy supplier material review criteria leading to functional degradation or field performance issues.,3,N/A
CTL-33-008,Supplier Design Review,Supplier validation review,"Analytical or empirical control using supplier validation review methodologies to verify design limits, ensure structural/functional integrity, and prevent premature failure during product lifecycle.",D,"Design Rule Compliance, Process Capability Index (Cpk) & Risk Priority Number","Systematically identify failure modes, enforce design reviews, control engineering modifications, and manage supplier quality.",Failure to satisfy supplier validation review criteria leading to functional degradation or field performance issues.,N/A,3
CTL-33-009,Supplier Design Review,Supplier component qualification,"Analytical or empirical control using supplier component qualification methodologies to verify design limits, ensure structural/functional integrity, and prevent premature failure during product lifecycle.",P,"Geometry, Structural Stress, Thermal Limit & Assembly Tolerances","Systematically identify failure modes, enforce design reviews, control engineering modifications, and manage supplier quality.",Failure to satisfy supplier component qualification criteria leading to functional degradation or field performance issues.,3,N/A
CTL-33-010,Supplier Design Review,Supplier capability review,"Analytical or empirical control using supplier capability review methodologies to verify design limits, ensure structural/functional integrity, and prevent premature failure during product lifecycle.",P,"Design Rule Compliance, Process Capability Index (Cpk) & Risk Priority Number","Systematically identify failure modes, enforce design reviews, control engineering modifications, and manage supplier quality.",Failure to satisfy supplier capability review criteria leading to functional degradation or field performance issues.,3,N/A
CTL-33-011,Supplier Design Review,Supplier lessons learned,"Analytical or empirical control using supplier lessons learned methodologies to verify design limits, ensure structural/functional integrity, and prevent premature failure during product lifecycle.",P,"Design Rule Compliance, Process Capability Index (Cpk) & Risk Priority Number","Systematically identify failure modes, enforce design reviews, control engineering modifications, and manage supplier quality.",Failure to satisfy supplier lessons learned criteria leading to functional degradation or field performance issues.,3,N/A
CTL-33-012,Supplier Design Review,Supplier warranty history,"Analytical or empirical control using supplier warranty history methodologies to verify design limits, ensure structural/functional integrity, and prevent premature failure during product lifecycle.",D,"Mean Time Between Failures (MTBF), Weibull Beta/Eta & Warranty Return Rate","Systematically identify failure modes, enforce design reviews, control engineering modifications, and manage supplier quality.",Failure to satisfy supplier warranty history criteria leading to functional degradation or field performance issues.,N/A,3
CTL-33-013,Supplier Design Review,Supplier field failure history,"Analytical or empirical control using supplier field failure history methodologies to verify design limits, ensure structural/functional integrity, and prevent premature failure during product lifecycle.",D,"Geometry, Structural Stress, Thermal Limit & Assembly Tolerances","Systematically identify failure modes, enforce design reviews, control engineering modifications, and manage supplier quality.",Failure to satisfy supplier field failure history criteria leading to functional degradation or field performance issues.,N/A,3
CTL-33-014,Supplier Design Review,Supplier change review,"Analytical or empirical control using supplier change review methodologies to verify design limits, ensure structural/functional integrity, and prevent premature failure during product lifecycle.",P,"Design Rule Compliance, Process Capability Index (Cpk) & Risk Priority Number","Systematically identify failure modes, enforce design reviews, control engineering modifications, and manage supplier quality.",Failure to satisfy supplier change review criteria leading to functional degradation or field performance issues.,3,N/A
CTL-33-015,Supplier Design Review,Supplier corrective-action review,"Analytical or empirical control using supplier corrective-action review methodologies to verify design limits, ensure structural/functional integrity, and prevent premature failure during product lifecycle.",P,"Design Rule Compliance, Process Capability Index (Cpk) & Risk Priority Number","Systematically identify failure modes, enforce design reviews, control engineering modifications, and manage supplier quality.",Failure to satisfy supplier corrective-action review criteria leading to functional degradation or field performance issues.,3,N/A
